,Title,Link,modified,created
FALSE,Spitfire Audio - Hans Zimmer Piano ,https://drive.google.com/file/d/1L38tyscz_lzi-9UQO7c0GeOIMY6a4HzL/view?usp=drivesdk,9/3/2021,4/20/2020
FALSE,Native Instruments - Straylight v1.5.0 ,https://drive.google.com/file/d/1s_ftcMTBeHlD3zWMLzv3HsHiQWSzKaUk/view?usp=drivesdk,8/3/2021,8/3/2021
FALSE,Roland Fantom X (NKI),https://drive.google.com/file/d/1brD0MuYxpsHGJ5f_RHcS7oEG166GCDng/view?usp=drivesdk,12/9/2020,12/9/2020
FALSE,Native Instruments - Session Strings 2,https://drive.google.com/file/d/1ZFpfK3NeuiqF_o5GOkQDg8L4Z4x4kvlo/view?usp=drivesdk,11/24/2020,11/24/2020
FALSE,Native Instruments - Session Horns Pro v1.4 ,https://drive.google.com/file/d/1DfCPHKUj8BadZJt1_HD-bfnRpnKv-v01/view?usp=drivesdk,11/24/2020,11/24/2020
FALSE,Sonuscore - TO Strings of Winter,https://drive.google.com/file/d/1ngPJXaNxF02OmUiv_FHJbibTEUR3owZa/view?usp=drivesdk,11/23/2020,11/23/2020
FALSE,Orange Tree Samples - Evolution Texas Twang,https://drive.google.com/file/d/1gueDAagHDXq5XyNGE5Ap1fJJ-hQqSYTF/view?usp=drivesdk,11/18/2020,11/19/2020
FALSE,Orange Tree Samples - Evolution Flatwound Bass,https://drive.google.com/file/d/1KFPwlw-UPeHxDRBFmtFcBhlZBvDSJRi5/view?usp=drivesdk,11/18/2020,11/19/2020
FALSE,TH Studio Production - Vandria - Epic Cinematic Vocal Library ,https://drive.google.com/file/d/1QgZmqOoSzjUMSBWPIxXKestFR_THOguS/view?usp=drivesdk,11/15/2020,11/15/2020
FALSE,Orange Tree Samples - Angelic Harp ,https://drive.google.com/file/d/1stOYJxVzO_JWFQ_McjZen-rnZicU6Tc3/view?usp=drivesdk,11/3/2020,11/3/2020
FALSE,Sample Logic - Xosphere 2 ,https://drive.google.com/file/d/17SA8apTaVGuZHDWvfQpq4WzOchzQnfUH/view?usp=drivesdk,11/3/2020,11/3/2020
FALSE,Cinesamples - Voices of War ,https://drive.google.com/file/d/1sFVPVTv-y-12lJBIziLWpVqxxMMThhUi/view?usp=drivesdk,11/3/2020,11/3/2020
FALSE,Orange Tree Samples - Evolution Rick 12 v1.1.68 ,https://drive.google.com/file/d/1tJH7JvOEN6KLW7m03nOG4ReTo_qPz4pa/view?usp=drivesdk,11/3/2020,11/3/2020
FALSE,Best Service - Emotional Violin ,https://drive.google.com/file/d/1cmUx9ZAsWFXBX77Xl4817h-niKvOnG8U/view?usp=drivesdk,10/29/2020,10/29/2020
FALSE,"Big Fish Audio - Guitarra Spanish Guitar (WAV, AIFF, REX2, KONTAKT)",https://drive.google.com/file/d/13xwrW52_eCAnAu39MTT5nkRh6pRliWE3/view?usp=drivesdk,10/29/2020,10/29/2020
FALSE,Heavyocity - FORZO Modern Brass ,https://drive.google.com/file/d/1ywPRxB2E2wOjHKt7zAkL6ns8KXyx8ACX/view?usp=drivesdk,10/29/2020,10/29/2020
FALSE,Strezov Sampling - Storm Choir Ultimate  ,https://drive.google.com/file/d/1B2DiWvWp8a5KwAl500QbFcbEHYVT6J2l/view?usp=drivesdk,10/29/2020,10/29/2020
FALSE,Slate + Ash - Cycles v1.2.0 ,https://drive.google.com/file/d/19Zq6NadQlYn7h6VPZgwUrnJwAtRc39iT/view?usp=drivesdk,10/14/2020,10/14/2020
FALSE,Orchestral Tools - Metropolis Ark 3,https://drive.google.com/file/d/1FecV8RikUAtVboaDqr6VOshqFO3VkCXp/view?usp=drivesdk,10/12/2020,10/10/2020
FALSE,Orchestral Tools - Metropolis Ark 4,https://drive.google.com/file/d/1tG-4cCSkqbW_UXClIVIceLWNUFc5BIIM/view?usp=drivesdk,10/12/2020,4/20/2020
FALSE,Orange Tree Sample - Evolution Dracus v1.1.68 UPDATE ,https://drive.google.com/file/d/1cEnRM9m8CnZth-fa8KsUOb1-nggNdcZZ/view?usp=drivesdk,10/10/2020,10/10/2020
FALSE,Orange Tree Samples - Evolution Dracus v1.1.61 ,https://drive.google.com/file/d/1Hfuv3CKssSbwBTkvkQG9NPlX34s1haLf/view?usp=drivesdk,10/10/2020,10/10/2020
FALSE,Native Instruments - The Giant v1.2.0  ,https://drive.google.com/file/d/1NtPllcWgB5qViBdLyKZDiNHMdKs-CtnB/view?usp=drivesdk,10/10/2020,10/10/2020
FALSE,Audio Imperia - Nucleus ,https://drive.google.com/file/d/19Ofd2VQod_bOqhQ2iUURLx0KwweOLnm5/view?usp=drivesdk,10/10/2020,10/10/2020
FALSE,Orchestral Tools - Metropolis Ark 3 v1.1 Update,https://drive.google.com/file/d/1GrXICqBo4BppJ1l_IVQXATV6CaW6H1Ig/view?usp=drivesdk,10/10/2020,10/10/2020
FALSE,Native Instruments - Scarbee Rickenbacker Bass,https://drive.google.com/file/d/1SFDopWnIwbhC6b3sQEaJt2LFIvE8p2xR/view?usp=drivesdk,4/21/2020,4/20/2020
FALSE,Rigid Audio - Atheos,https://drive.google.com/file/d/1TZfx88ol2NjTUDC2zUyYQp9FD2jOsrlI/view?usp=drivesdk,9/22/2019,4/20/2020
FALSE,String Audio - ALCHEMIST 2 Cinematic Textures,https://drive.google.com/file/d/1cVCNcGMoxBpY-cSMA7-33esvYdLEH9az/view?usp=drivesdk,9/22/2019,4/20/2020
FALSE,Audiomodern - ATOM v2,https://drive.google.com/file/d/1AjqOfpgMaG_hwiawulu1l09CzuoP-W_a/view?usp=drivesdk,9/22/2019,4/20/2020
FALSE,Ilya Efimov - Total Guitar and Bass Bundle,https://drive.google.com/file/d/1MGMqmbzppT0zvzqATPEjDPjs6-sPMoXN/view?usp=drivesdk,9/22/2019,4/20/2020
FALSE,Session Guitarist - Strummed Acoustic 2 Library,https://drive.google.com/file/d/1_rrbtns3CNZ7QtqZKx_lggUr-murIoAG/view?usp=drivesdk,9/22/2019,4/20/2020
FALSE,Prominy - Hummingbird v1.2.0 Full,https://drive.google.com/file/d/1yBvx5JC_zHEYHod_cd5Z0u33pSEMF2Hi/view?usp=drivesdk,9/22/2019,4/20/2020
FALSE,Session Guitarist - Picked Acoustic Library,https://drive.google.com/file/d/1SGgGFjpceWe6vb7qdzTD7MvKFIUZfKu2/view?usp=drivesdk,9/22/2019,4/20/2020
FALSE,SL - ARPOLOGY CINEMATIC DIMENSIONS,https://drive.google.com/file/d/1EDfHBTvXjiicnd14bPKRI83vsYuC6wro/view?usp=drivesdk,9/19/2019,4/20/2020
FALSE,Orchestral Tools THE Orchestral Grands v1.3,https://drive.google.com/file/d/1JFZ_dn9cQuvWG1RKcTxZQ-IG5ID-l8Jb/view?usp=drivesdk,9/17/2019,4/20/2020
FALSE,ANALOG BRASS AND WINDS,https://drive.google.com/file/d/122gcQD7uz6OqgM_NA2sa-dDeKF0ZbmNp/view?usp=drivesdk,6/21/2019,4/20/2020
FALSE,Output Sounds - REV X-Loops v1.2,https://drive.google.com/file/d/1m9YInHXw5uU3TTGhnnnWfAv9XWp31Ag0/view?usp=drivesdk,6/21/2019,4/20/2020
FALSE,"Output - Movement 1.1.0.4 VST, VST3, AAX x86 x64",https://drive.google.com/file/d/17m35wjgVCRSUKsm48JrIovRdJiB7OsjG/view?usp=drivesdk,6/21/2019,4/20/2020
FALSE,Output Analog Strings KONTAKT,https://drive.google.com/file/d/1-IiKsb6yUoYuY8LsseFMYS9_mMhz77JH/view?usp=drivesdk,6/21/2019,4/20/2020
FALSE,Native.Instruments.Ethereal.Earth.KONTAKT.BLT,https://drive.google.com/file/d/1FHBZgi-5Gt_343-_18MDsfGiuUsAdZOp/view?usp=drivesdk,6/13/2019,4/20/2020
FALSE,Orange Tree Garden,https://drive.google.com/file/d/1gUOUO80TszsbqXdGTogkMZTG2L7aFgK9/view?usp=drivesdk,6/11/2019,4/20/2020
FALSE,Fable_Sounds_Broadway_LITEs_2.0.24,https://drive.google.com/file/d/1IvTZQRC3bsrlaIHW3lRKxLGwdFfw4bKL/view?usp=drivesdk,6/11/2019,4/20/2020
FALSE,Klusterkitt_Rezonator_1_1,https://drive.google.com/file/d/1p7ghsuvxHbdb5HvG_dmn61dZmSd2ddZb/view?usp=drivesdk,6/11/2019,4/20/2020
FALSE,Spitfire Iceni,https://drive.google.com/file/d/1MvY6t9fUPNknq4w8klVlwdwPay_sZ2sE/view?usp=drivesdk,6/11/2019,4/20/2020
FALSE,EWQL RA,https://drive.google.com/file/d/16o_gfP0VdSEGG4jE4BYE-75NLiesS69U/view?usp=drivesdk,6/3/2019,4/20/2020
FALSE,Sonuscore_Origins_6_Muted_Guitar_Harmonics,https://drive.google.com/file/d/1B0qZoghm24Qwylk9CGCC42lryfX7Q8_-/view?usp=drivesdk,5/24/2019,4/20/2020
FALSE,Native Instruments - Modular Icons,https://drive.google.com/file/d/1UDQp2rJtIMXloRUu2wxVEzkAy5wnUdj_/view?usp=drivesdk,5/24/2019,4/20/2020
FALSE,CineWinds Pro v1.3,https://drive.google.com/file/d/136_8bgxV9Lp_TtEZh_yRUnH-lNwapGBS/view?usp=drivesdk,5/24/2019,4/20/2020
FALSE,Evolution Infinity,https://drive.google.com/file/d/1HpaPL5Uh1eiosPbkH2ZJb9KEOZS9EdTg/view?usp=drivesdk,5/24/2019,4/20/2020
FALSE,Emotional Cello Library,https://drive.google.com/file/d/1yfksI7PYt-S0WwWeRXI56xQsZbFP8Biv/view?usp=drivesdk,5/24/2019,4/20/2020
FALSE,"Industrial Strength Records - Atmosfear (KONTAKT, NKI, WAV)",https://drive.google.com/file/d/1FFlXw8qL2-RAcp88mVMpGjYoolQ2IDoo/view?usp=drivesdk,5/13/2019,4/20/2020
FALSE,Wavesfactory Sharine,https://drive.google.com/file/d/14fr2W2BDOEoHHISVhnDoFxKftvG7uPxJ/view?usp=drivesdk,5/13/2019,4/20/2020
FALSE,Output - Signal v1.3,https://drive.google.com/file/d/11I3OUjzwH3a7ORA64Q8NayPbuhM3AEXu/view?usp=drivesdk,5/6/2019,4/20/2020
FALSE,Kontakt Factory Library,https://drive.google.com/file/d/1ZGLZVKl1wGZmW5-nkynXM2NH5kkWTC-M/view?usp=drivesdk,3/31/2019,4/20/2020
FALSE,Sonic Reality - Ocean Way Drums Gold,https://drive.google.com/file/d/1RpQaHwKlfw5gz2Pvot2nkS4cDgvIpTCh/view?usp=drivesdk,9/22/2018,4/20/2020
FALSE,Wavesfactory - Tea Towel Drum,https://drive.google.com/file/d/1KoFQrIINBqmGi_nubokuQ_sXZiEYigyW/view?usp=drivesdk,9/22/2018,4/20/2020
FALSE,Vir2 Instruments - Studio Kit Builder,https://drive.google.com/file/d/1KXNCG13p6vuV7T0s7c4A5raiAejTypiS/view?usp=drivesdk,9/22/2018,4/20/2020
FALSE,SonicCouture - Electro-Acoustic,https://drive.google.com/file/d/1HO4KOaiRK5c6pC_5NiunI35stRnlNoA-/view?usp=drivesdk,9/22/2018,4/20/2020
FALSE,Wavesfactory - BlackToms,https://drive.google.com/file/d/1wKAhNCynImxPzxUDhIhlA17k0LxEn3FX/view?usp=drivesdk,9/22/2018,4/20/2020
FALSE,NaturalDrum - Natural Drum Kit,https://drive.google.com/file/d/1D5LnbOuIIzqOUBuZtdQb6dh6mHVr7Gs-/view?usp=drivesdk,9/22/2018,4/20/2020
FALSE,Straight Ahead Samples - Straight Ahead! Jazz Drums,https://drive.google.com/file/d/1_8UVl1CUzQ6DHlmstGdsPwzBCYiPZfI6/view?usp=drivesdk,9/22/2018,4/20/2020
FALSE,Wavesfactory - BrushDrums,https://drive.google.com/file/d/1Rbemh5ze7-qCU8GLVD74CuMFdqf65SQa/view?usp=drivesdk,9/22/2018,4/20/2020
FALSE,Spitfire Audio - The Grange,https://drive.google.com/file/d/1zULl3MNEX0T7hlp_yFHdeam7fexF4s6R/view?usp=drivesdk,9/22/2018,4/20/2020
FALSE,Native Instruments - Abbey Road 80_s Drummer v1.3,https://drive.google.com/file/d/1U7bNCjJzdEjctU_GP6GR0nowhNqkItt4/view?usp=drivesdk,9/22/2018,4/20/2020
FALSE,Native Instruments - Abbey Road Modern Drummer v1.3,https://drive.google.com/file/d/1xvKyxFYqb1pJ0rNNtv0tk8BIySfiXLiV/view?usp=drivesdk,9/22/2018,4/20/2020
FALSE,Native Instruments - Abbey Road 80_s Drummer,https://drive.google.com/file/d/1dsPjMKm7ojzsXGqLbVDyDrOrKeZqPy8J/view?usp=drivesdk,9/22/2018,4/20/2020
FALSE,Native Instruments - Abbey Road 70_s Drummer,https://drive.google.com/file/d/1p-ZZi9skmR9c8YDdCknjej57dS13ZACG/view?usp=drivesdk,9/22/2018,4/20/2020
FALSE,Native Instruments - Abbey Road 60_s Drummer,https://drive.google.com/file/d/1cne4F8QF4RViTJoydCEsxFK1fg_KHztc/view?usp=drivesdk,9/22/2018,4/20/2020
FALSE,Native Instruments - Abbey Road Modern Drummer,https://drive.google.com/file/d/1uKEozd1kOum0Q81QsruhTj696FHFcjXP/view?usp=drivesdk,9/22/2018,4/20/2020
FALSE,Native Instruments - Abbey Road 70_s Drummer v1.3,https://drive.google.com/file/d/1kY7ztQ8Oj64ylVXIfHVLoPjTIKXkWPWg/view?usp=drivesdk,9/22/2018,4/20/2020
FALSE,Native Instruments - Abbey Road Vintage Drummer,https://drive.google.com/file/d/1nLvwN_rhugqqsOJva-vlHNHASZx4-cOR/view?usp=drivesdk,9/22/2018,4/20/2020
FALSE,Native Instruments - Drumlab,https://drive.google.com/file/d/1PLHYkmIlFtCXJPORUl_xESSg0pWGO3Di/view?usp=drivesdk,9/22/2018,4/20/2020
FALSE,Native Instruments - Abbey Road Vintage Drummer v1.3,https://drive.google.com/file/d/1ofb2iQbIhB7DyH-gyEGo_2PUbwfmPkDL/view?usp=drivesdk,9/22/2018,4/20/2020
FALSE,Native Instruments - Abbey Road 60_s Drummer v1.3 ,https://drive.google.com/file/d/1N5XxQcOH2lGp6PLTN44Pl1RnhFS1rImQ/view?usp=drivesdk,9/22/2018,4/20/2020
FALSE,Native Instruments - Abbey Road 50s Drummer,https://drive.google.com/file/d/1ZNETbBatwpNtP4PPGriW4S9DRCafjENK/view?usp=drivesdk,9/22/2018,4/20/2020
FALSE,Impact Soundworks - Shreddage Drums,https://drive.google.com/file/d/1CXdRwzc-MCbZgz4R5Rsbr-ejwVMJJY-U/view?usp=drivesdk,9/22/2018,4/20/2020
FALSE,Big Fish Audio - The Black Kit,https://drive.google.com/file/d/1Lah90-GPMiF2NVDw4t0WEkKwmnvjoSeJ/view?usp=drivesdk,9/22/2018,4/20/2020
FALSE,8Dio - Adagio Violas,https://drive.google.com/file/d/123IUmAVxLx1sSvLyF_FTRd4erROW-xNY/view?usp=drivesdk,9/22/2018,4/20/2020
FALSE,Big Fish Audio - Essential Brushes,https://drive.google.com/file/d/1JnsSDfU8jN5rWuyDIkHlvMUXGq8HsZyX/view?usp=drivesdk,9/22/2018,4/20/2020
FALSE,8Dio - Zeus,https://drive.google.com/file/d/1ng7f43ECWQc6wbfS36lu-rr0QXDQy0uc/view?usp=drivesdk,9/22/2018,4/20/2020
FALSE,8Diо - Аdаgiо Strings Вundlе,https://drive.google.com/file/d/1voDEy23iTl18kmVNxW8A28vj5pLD2fU0/view?usp=drivesdk,9/22/2018,4/20/2020
FALSE,Cinematic Strings - Monster Staccatos,https://drive.google.com/file/d/1wlPcKh9FszO7hEccecjYhq2Ju1wUX3__/view?usp=drivesdk,9/22/2018,4/20/2020
FALSE,8Dio - Adagio Basses ,https://drive.google.com/file/d/1QAj90RMTQ8GwYq5Ff14xbmY3BgylYj4r/view?usp=drivesdk,9/22/2018,4/20/2020
FALSE,8Dio - Advanced Drum Series - Blackbird,https://drive.google.com/file/d/1_zfQ8R2TZ4v_anX9fDqoGL_BbvkdSvzB/view?usp=drivesdk,9/22/2018,4/20/2020
FALSE,Orchestral Tools - Berlin Strings,https://drive.google.com/file/d/1wlsgAeV9QCvkUjFH5TV1oRwGe1866TyC/view?usp=drivesdk,9/22/2018,4/20/2020
FALSE,Cinematic Strings - Cinematic Strings Pro Edition,https://drive.google.com/file/d/1IxhzgMD2nImWxGbFjkgg2m49b3QOj7fU/view?usp=drivesdk,9/22/2018,4/20/2020
FALSE,Cinesamples - CineStrings Solo,https://drive.google.com/file/d/1ffjx7aV8CkzyY3CtSd8emaGap8k7j_z1/view?usp=drivesdk,9/22/2018,4/20/2020
FALSE,Cinematic Strings - Cinematic Strings 2.1,https://drive.google.com/file/d/1YvIKTnxvmTp_KIQjQV4B1iq2khMRB53P/view?usp=drivesdk,9/22/2018,4/20/2020
FALSE,Cinesamples - CineStrings Runs,https://drive.google.com/file/d/1eriNN3RNvoNJ4bfq6kgq4vp8oJaduUDF/view?usp=drivesdk,9/22/2018,4/20/2020
FALSE,Dynamic Sound Sampling - Orchestral String Arpeggios Part 1 Sections,https://drive.google.com/file/d/13Q17ytN4kEpbZ-b8UAffI29-KzQmTYO3/view?usp=drivesdk,9/22/2018,4/20/2020
FALSE,Orchestral Tools - Berlin Strings v2.5 Update,https://drive.google.com/file/d/1ugC76UyW_qEuUEsVdThdWmJ7cBoxymFT/view?usp=drivesdk,9/22/2018,4/20/2020
FALSE,Dynamic Sound Sampling - Orchestral String Arpeggios Part 2 Solos,https://drive.google.com/file/d/1UYjqFjQTMSBgu6Eya2uG36ZPa6aHAkCA/view?usp=drivesdk,9/22/2018,4/20/2020
FALSE,Cinesamples - CineStrings CORE,https://drive.google.com/file/d/1ZxCfj6yAmOkXe8wdTJND-UE1yywiFm5L/view?usp=drivesdk,9/22/2018,4/20/2020
FALSE,Embertone - Blakus Cello,https://drive.google.com/file/d/1L2z6AQoQ45l7RjYXcT7C4-Oq6OHfYgld/view?usp=drivesdk,9/22/2018,4/20/2020
FALSE,Embertone - Leonid Bass,https://drive.google.com/file/d/1ebdhpJDYHtaWNh-8Gf3MsWvrx3rn70oU/view?usp=drivesdk,9/22/2018,4/20/2020
FALSE,Orchestral Tools - Berlin Strings Expansion E - SFX String Effects v2.1,https://drive.google.com/file/d/1olsZDFmItBdB0uozxxFTPlnKqTBpmAbh/view?usp=drivesdk,9/22/2018,4/20/2020
FALSE,Orchestral Tools - Berlin Strings Expansion A - Special Bows v2.1,https://drive.google.com/file/d/1FVOcj0LHd_af1xVRmrm7znWNkoGqjvBn/view?usp=drivesdk,9/22/2018,4/20/2020
FALSE,Orchestral Tools - Berlin Strings Expansion B - Special Bows II v2.1,https://drive.google.com/file/d/1R11dmiG6inrcXKvf3ifqV772HPQZQPEO/view?usp=drivesdk,9/22/2018,4/20/2020
FALSE,Embertone - Fischer Viola,https://drive.google.com/file/d/1aa_KkxGowocy3jp-u4RDCrikD_rS8SEn/view?usp=drivesdk,9/22/2018,4/20/2020
FALSE,Embertone - Friedlander Violin v.1.0.1,https://drive.google.com/file/d/1oD0LTWOe3-j00FNi0sRhZklEUiCW1FER/view?usp=drivesdk,9/22/2018,4/20/2020
FALSE,Orchestral Tools - Berlin Strings Expansion D - First Chairs v2.1,https://drive.google.com/file/d/1RNOYqLDTLHrmYzPtyXQOZUoTQGsrQosZ/view?usp=drivesdk,9/22/2018,4/20/2020
FALSE,SONiVOX Sonic Implants - Symphonic Strings Collection. Part 1,https://drive.google.com/file/d/1CsQ7pfNjmBWr7b3D5l8NKxsWrGOSZB83/view?usp=drivesdk,9/22/2018,4/20/2020
FALSE,SONiVOX Sonic Implants - Symphonic Strings Collection. Part 3,https://drive.google.com/file/d/1yg3qjcjeYkOczX0QVz3p0ChUQM28Q0A3/view?usp=drivesdk,9/22/2018,4/20/2020
FALSE,Orchestral Tools - Soloists II Nocturne Cello Part 1,https://drive.google.com/file/d/1RCAtPK4cYx9x1hfOQKbXZYP3W65Xc-xu/view?usp=drivesdk,9/22/2018,4/20/2020
FALSE,SONiVOX Sonic Implants - Symphonic Strings Collection. Part 2,https://drive.google.com/file/d/1rRqTv0nDGwU1ItxpFfboRzT4fFwjwd-e/view?usp=drivesdk,9/22/2018,4/20/2020
FALSE,Orchestral Tools - Soloists I Nocturne Violin,https://drive.google.com/file/d/1O77vlh-rKVEy-e8PJLItb_AWAbVKl9_N/view?usp=drivesdk,9/22/2018,4/20/2020
FALSE,Strezov Sampling - Cornucopia Strings 1.2 Part 1,https://drive.google.com/file/d/1y7tKFuMqco9r5aPpMGYx26jjaE0dAm60/view?usp=drivesdk,9/22/2018,4/20/2020
FALSE,Strezov Sampling - Cornucopia Strings 1.2 Part 2,https://drive.google.com/file/d/1VP4M8_sTl4Fg4QURnVDzIomYfgbkCyPw/view?usp=drivesdk,9/22/2018,4/20/2020
FALSE,Spitfire Audio - BML Sable Vol.1,https://drive.google.com/file/d/1aU7HrPdGzlDkFQM2xW7qOIyWoMtRNd1z/view?usp=drivesdk,9/22/2018,4/20/2020
FALSE,East West Quantum Leap - Symphonic Orchestra Platinum,https://drive.google.com/file/d/14Hc2MVbLGwTNDRqKzqRcyJ6-tpSs6HVQ/view?usp=drivesdk,9/22/2018,4/20/2020
FALSE,East West Quantum Leap - Symphonic Orchestra Platinum Pro XP Strings,https://drive.google.com/file/d/1lwWTZTjM9wvmexP2Z4ajpTCz6hJAG93l/view?usp=drivesdk,9/22/2018,4/20/2020
FALSE,East West Quantum Leap - Symphonic Orchestra Platinum Pro XP Brass,https://drive.google.com/file/d/18z_JApv5eIK1SBkDmZD553hGatpPrh30/view?usp=drivesdk,9/22/2018,4/20/2020
FALSE,East West Quantum Leap - Symphonic Orchestra Platinum Pro XP Woodwinds,https://drive.google.com/file/d/192WP56G84q-QaK_aiRdz5aMvPu4RrIzM/view?usp=drivesdk,9/22/2018,4/20/2020
FALSE,ProjectSAM - Symphobia Colours Orchestrator,https://drive.google.com/file/d/14dRh8d2gyxmkQXfKLaeytnDR8fDgQ5lM/view?usp=drivesdk,9/22/2018,4/20/2020
FALSE,East West Quantum Leap - Symphonic Orchestra Platinum Pro XP Percussion,https://drive.google.com/file/d/1LFWTfwIF2MaBmk71uJx9DkDexOuZJNUo/view?usp=drivesdk,9/22/2018,4/20/2020
FALSE,Sonokinetic - Da Capo Part 1,https://drive.google.com/file/d/1-rHD-XYirxf1s07La6qUUw9DDwTdolea/view?usp=drivesdk,9/22/2018,4/20/2020
FALSE,ProjectSAM - Symphobia 3 Lumina,https://drive.google.com/file/d/1QtPwrM2nBqSK4wOlqg6cKwFT8ZlATvrx/view?usp=drivesdk,9/22/2018,4/20/2020
FALSE,ProjectSAM - Symphobia Colours Animator,https://drive.google.com/file/d/1pZTxb8qj7BNU2Y6MqhRwGvoCQTsPPHrj/view?usp=drivesdk,9/22/2018,4/20/2020
FALSE,ProjectSAM - Symphobia 2,https://drive.google.com/file/d/1PnS9dhiSbIRXmX9zZa6Zf-UvwT3yEiEU/view?usp=drivesdk,9/22/2018,4/20/2020
FALSE,ProjectSAM - Symphobia 2 v1.5,https://drive.google.com/file/d/1xyzNDJOjMt2ZyCISpXJV1LgkOrsJSBMK/view?usp=drivesdk,9/22/2018,4/20/2020
FALSE,ProjectSAM - Symphobia 2 (1.3.3),https://drive.google.com/file/d/18bg3sa1Cbk7GGkfjSdE2BuvTB1HnId36/view?usp=drivesdk,9/22/2018,4/20/2020
FALSE,Sonokinetic - Da Capo Part 2,https://drive.google.com/file/d/1SOSTTy1Tjam_u-EkM9v_6nGNK1Z7Ls1M/view?usp=drivesdk,9/22/2018,4/20/2020
FALSE,ProjectSAM - Symphobia 3 Lumina v1.5,https://drive.google.com/file/d/1jNHwFBfrmCC7FVoQ1ETY4_EfttpwGjYi/view?usp=drivesdk,9/22/2018,4/20/2020
FALSE,ProjectSAM - Symphobia 1 v1.5,https://drive.google.com/file/d/1cGSTJEpEKWVgCmCoBOv8qC482fp51TO5/view?usp=drivesdk,9/22/2018,4/20/2020
FALSE,Spitfire Audio - Albion ONE v1.2,https://drive.google.com/file/d/10F-dPEFa8kWBB3nzSTrlSOLnJfZFrgl3/view?usp=drivesdk,9/22/2018,4/20/2020
FALSE,Spitfire Audio - Albion II Loegria REDUX,https://drive.google.com/file/d/1ZuGLSAWU4YxEMf7fkzcWOgGnm6-YjsQY/view?usp=drivesdk,9/22/2018,4/20/2020
FALSE,ProjectSAM - Symphobia 1 (1.2),https://drive.google.com/file/d/1o5EEEnBnBh_xyy91Zg95GZDvX16e-qpu/view?usp=drivesdk,9/22/2018,4/20/2020
FALSE,Spitfire Audio - Albion III Iceni REDUX v2.1,https://drive.google.com/file/d/1DFLBAWEjFU0QlK6Ge4_0PA0tRal805ta/view?usp=drivesdk,9/22/2018,4/20/2020
FALSE,Spitfire Audio - Albion II Loegria REDUX v3.22,https://drive.google.com/file/d/1VSQY-81zxeMBq_7ls_JBfnk4byMyG77j/view?usp=drivesdk,9/22/2018,4/20/2020
FALSE,Orchestral Tools - Berlin Brass EXP C SFX French Horns v2.1,https://drive.google.com/file/d/196u26BZ9dVfL-SnTF2n7QUcPpV7HL-Ju/view?usp=drivesdk,9/22/2018,4/20/2020
FALSE,Spitfire Audio - Albion I REDUX,https://drive.google.com/file/d/1axLHTxL6cWn5zh0FIRT5GQWxq_C7Rcyw/view?usp=drivesdk,9/22/2018,4/20/2020
FALSE,8Dio - Lacrimosa Epic Choir Part 1,https://drive.google.com/file/d/1C-jEtLFMxm1oFcoKva3h6U7LzgREq9SG/view?usp=drivesdk,9/22/2018,4/20/2020
FALSE,Best Service - Chris Hein Horns Vol.4 More Brass _ Woodwinds ,https://drive.google.com/file/d/1p1Q34XRekn_BEQSFiCjjMFaXDqgPeYKr/view?usp=drivesdk,9/22/2018,4/20/2020
FALSE,Best Service - Chris Hein Horns Vol.3 Muted Brass ,https://drive.google.com/file/d/1h6APj_7s6ZxMyWWXr2hJCDApCSfEx98b/view?usp=drivesdk,9/22/2018,4/20/2020
FALSE,Orchestral Tools - Berlin Brass Part 4,https://drive.google.com/file/d/1EoWzkZqzsHNYhGRWYO73JrYlcR6OcbHB/view?usp=drivesdk,9/22/2018,4/20/2020
FALSE,Best Service - Chris Hein Horns Vol.2 Section ,https://drive.google.com/file/d/1o3ifmJHL6ARf3ESFdMhUrOmvxHH_8-Bp/view?usp=drivesdk,9/22/2018,4/20/2020
FALSE,Orchestral Tools - Berlin Brass Part 2,https://drive.google.com/file/d/1P--HimCe-uVQZzrjfNHARP-mEYiTAnX5/view?usp=drivesdk,9/22/2018,4/20/2020
FALSE,8Dio - Lacrimosa Epic Choir Part 2,https://drive.google.com/file/d/1_Dx0HjlsF44qDqIzNBb4grWENFrJPry7/view?usp=drivesdk,9/22/2018,4/20/2020
FALSE,Orchestral Tools - Berlin Brass Part 3,https://drive.google.com/file/d/1jm7uBlbQBCd4WqEBb3Hg6DkPfB774_y9/view?usp=drivesdk,9/22/2018,4/20/2020
FALSE,Best Service - Chris Hein Horns Vol.1 Solo Instruments v1.5 ,https://drive.google.com/file/d/1WFs8v9xQzz_oToHoe1wOKj9BhweNwTO1/view?usp=drivesdk,9/22/2018,4/20/2020
FALSE,Strezov Sampling - ARVA Children_s Choir,https://drive.google.com/file/d/1ly1wJnCHoWlY3D84n_er46qfvw1kAZkn/view?usp=drivesdk,9/22/2018,4/20/2020
FALSE,Orchestral Tools - Berlin Brass Part 1,https://drive.google.com/file/d/1jGZZhcX-YX5-WN48pkZFg_XIqZ9iWG6x/view?usp=drivesdk,9/22/2018,4/20/2020
FALSE,Strezov Sampling - Freyja Female Choir v1.1,https://drive.google.com/file/d/1RXNAVyrSZkf7bazEwoNX9Jh3TNaL8Tof/view?usp=drivesdk,9/22/2018,4/20/2020
FALSE,Impact Soundworks - Vocalisa Slavic Womens Choir,https://drive.google.com/file/d/10m7OMBwJb2Q9hFcdBnl0JBIju3f0DtgE/view?usp=drivesdk,9/22/2018,4/20/2020
FALSE,Strezov Sampling - RHODOPE - Ethnic Bulgarian Choir,https://drive.google.com/file/d/17OMnkZVQrF5NGRhwwjUrtoDixYi2K0Xq/view?usp=drivesdk,9/22/2018,4/20/2020
FALSE,Best Service - Mystica,https://drive.google.com/file/d/1xg5PFXpqOyljlTMYnhqAJ2m8Pa-wjmg3/view?usp=drivesdk,9/22/2018,4/20/2020
FALSE,Best Service - Shevannai the Voices of Elves,https://drive.google.com/file/d/1yOMXPdxVutUoniwG9uii-OX3X1bf8uSC/view?usp=drivesdk,9/22/2018,4/20/2020
FALSE,Best Service - Cantus,https://drive.google.com/file/d/1IDYt9Xlw4jsKyCMCeYoJ8XKMWJsgdw-S/view?usp=drivesdk,9/22/2018,4/20/2020
FALSE,Best Service - Altus,https://drive.google.com/file/d/1Hq_CKHkB01UKKOBDenMK1Cvqh8bY7NBA/view?usp=drivesdk,9/22/2018,4/20/2020
FALSE,Soundiron - Acoustic Saz,https://drive.google.com/file/d/1oTCIZrxK-STx7-zIrPIJsMgStO7v1Ndj/view?usp=drivesdk,9/22/2018,4/20/2020
FALSE,Vir2 Instruments - Fractured Prepared Acoustic Guitars,https://drive.google.com/file/d/1r392kVXTq1mT8qjDQw_4MOi-3Z33Malr/view?usp=drivesdk,9/22/2018,4/20/2020
FALSE,Vir2 Instruments - Acoustic Legends,https://drive.google.com/file/d/1XJIxLnbLaFVawVnq_j_hZ39w-tHTVwun/view?usp=drivesdk,9/22/2018,4/20/2020
FALSE,Vir2 Instruments - Acou6tics,https://drive.google.com/file/d/1pjdiYL9wv7LvVnJxlm-EWv3hk-EMnTU7/view?usp=drivesdk,9/22/2018,4/20/2020
FALSE,Orange Tree Samples - Evolution Acoustic Guitar Steel Strings,https://drive.google.com/file/d/1SUkrBnWyeqXaJxyGXcI1DxNx_08anVzS/view?usp=drivesdk,9/22/2018,4/20/2020
FALSE,Impact Soundworks - Plectra Series 4 - Turkish Oud,https://drive.google.com/file/d/1cFNb-AVUO16cUnyAIVRmEvWPfnOQCXb9/view?usp=drivesdk,9/22/2018,4/20/2020
FALSE,Indiginus - Renaxxance Exprexxive Nylon String Guitar,https://drive.google.com/file/d/1IDHGlyE7JvGkW1Kg0_wZjaaQWb4rDHJn/view?usp=drivesdk,9/22/2018,4/20/2020
FALSE,Orange Tree Samples - Evolution Mandolin,https://drive.google.com/file/d/1dO_ZYctk_AsmnYxtw28FuTvsRKp_iKHP/view?usp=drivesdk,9/22/2018,4/20/2020
FALSE,Vir2 Instruments - Acou6tics 1.1 Update,https://drive.google.com/file/d/1faLs3zNYpBt6fwkJoHZuZAgTAcpziQ6X/view?usp=drivesdk,9/22/2018,4/20/2020
FALSE,PettinHouse - Ukulele Guitar,https://drive.google.com/file/d/1okVWwKdsyioV2P7QfVZaV_LMgHAlqzF3/view?usp=drivesdk,9/22/2018,4/20/2020
FALSE,Native Instruments - Session Guitarist Strummed Acoustic 2,https://drive.google.com/file/d/1BMk5Hd67DK9bP9pi2J6eri35OPz2aHxk/view?usp=drivesdk,9/22/2018,4/20/2020
FALSE,Ilya Efimov - Nylon Guitar,https://drive.google.com/file/d/1OaXHgUjjPiRPd10FoWzm7C5nUMylgcUy/view?usp=drivesdk,9/22/2018,4/20/2020
FALSE,Indiginus - Acoustic Guitar Collection,https://drive.google.com/file/d/1f0ziY0tUxuaKfsb6zjnQxgIgZ73T2Gxw/view?usp=drivesdk,9/22/2018,4/20/2020
FALSE,Native Instruments - Session Guitarist Strummed Acoustic,https://drive.google.com/file/d/1r20aycFuaIKTNlnOeVFJh99kk8FbkZ9w/view?usp=drivesdk,9/22/2018,4/20/2020
FALSE,Ilya Efimov - Acoustic Guitar,https://drive.google.com/file/d/1MsMXi21n3m2dfNpazkmpDHFSdr1Y_Opx/view?usp=drivesdk,9/22/2018,4/20/2020
FALSE,8Dio - Mandolin Strummer,https://drive.google.com/file/d/1oGmFo8RRSda3kiMuVw-9C_2Y4-6dOxWC/view?usp=drivesdk,9/22/2018,4/20/2020
FALSE,Ilya Efimov - Nylon Guitar Strum,https://drive.google.com/file/d/1pb4HjFsXjoZb-XxAiLrOn58qiARA-rSl/view?usp=drivesdk,9/22/2018,4/20/2020
FALSE,Impact Soundworks - Acoustic Revolutions Vol. 1,https://drive.google.com/file/d/1KqPOSCX3pA2PxivUxkdmB1bFJ3eDmPqd/view?usp=drivesdk,9/22/2018,4/20/2020
FALSE,8Dio - Instant Ukelele Guitar Bundle,https://drive.google.com/file/d/1z0w7xmftpieoTbDmE_8WTuGwKzXlbCHw/view?usp=drivesdk,9/22/2018,4/20/2020
FALSE,Ilya Efimov - Acoustic Guitar + Strum,https://drive.google.com/file/d/18IlNZD36RCgR8e12uZmtCjrouEmVYo0D/view?usp=drivesdk,9/22/2018,4/20/2020
FALSE,8Dio - Mandolin Solo,https://drive.google.com/file/d/1f0zsmTm5z0dxnq-HN4r2rULr3GJ_IhWX/view?usp=drivesdk,9/22/2018,4/20/2020
FALSE,8Dio - Instant Guitar Series - 12 String Guitar Bundle,https://drive.google.com/file/d/1nWJpQP_xKrukDXVmfuI3RpxQR1vmUu56/view?usp=drivesdk,9/22/2018,4/20/2020
FALSE,Cinematique Instruments - Guitar Harmonics,https://drive.google.com/file/d/17IkxZ3upLibHBq48C237xXFN3d8zD2kT/view?usp=drivesdk,9/22/2018,4/20/2020
FALSE,8Dio - Steel String Guitar Bundle,https://drive.google.com/file/d/18zW1LX0J5Zz3IDInjm-Ft1phsiXkuMXe/view?usp=drivesdk,9/22/2018,4/20/2020
FALSE,8Dio - Songwriting Guitar Vol. 1,https://drive.google.com/file/d/1aLoU92cYZaakPTBBURduHgXBXsouYDcO/view?usp=drivesdk,9/22/2018,4/20/2020
FALSE,8Dio - Guitalele,https://drive.google.com/file/d/12z_sihxZ3bdVmtGRYYe55v8frg7A2cmo/view?usp=drivesdk,9/22/2018,4/20/2020
FALSE,Scarbee - Red Bass,https://drive.google.com/file/d/1kIfN96khscbdRsh8oomACb_XztBnO64R/view?usp=drivesdk,9/22/2018,4/20/2020
FALSE,8Dio - Dobro Solo,https://drive.google.com/file/d/1jvN3VCOM-NDb6KpeECtUDY1xYyg5hjo8/view?usp=drivesdk,9/22/2018,4/20/2020
FALSE,Dan Dean Productions - Solo Strings Advanced Acoustic Bass Expansion,https://drive.google.com/file/d/1e3A5O_-3nDJMUkyCrGOB0b9IlAVrjTT2/view?usp=drivesdk,9/22/2018,4/20/2020
FALSE,Scarbee - Black Bass D.I.,https://drive.google.com/file/d/1xL3JmrrxTBT6F_-hf4F59gSnXI94iexF/view?usp=drivesdk,9/22/2018,4/20/2020
FALSE,Sonart Audio - Deluxe Series Upright Bass,https://drive.google.com/file/d/1A2IkbN_EQVSyoTVjd-SHVlYtdxL-7TWv/view?usp=drivesdk,9/22/2018,4/20/2020
FALSE,Bela D Media - Lastufka Acoustic Bass Guitar,https://drive.google.com/file/d/1jIZDZcsDK82WmOw7Si72mCeUlZ_P4jCl/view?usp=drivesdk,9/22/2018,4/20/2020
FALSE,Wavesfactory - W-DirectBass,https://drive.google.com/file/d/1ow5Hi4AQEp0UNjkzMmQGTK8yl66iA3Qd/view?usp=drivesdk,9/22/2018,4/20/2020
FALSE,Sound Refinery - Instant Bass,https://drive.google.com/file/d/1fYzYfm3oBaiv0sfwhkDoMo2v_cXKjB4-/view?usp=drivesdk,9/22/2018,4/20/2020
FALSE,Orange Tree Samples - Evolution™ Electric Bass - Rick,https://drive.google.com/file/d/1jCQWBxKimQKjy9Cy-9SAu0i7f6twywDJ/view?usp=drivesdk,9/22/2018,4/20/2020
FALSE,realsamples - 5-String Bass Collection,https://drive.google.com/file/d/1N7MduQCWtp2QnT1NrE1AxH3WMThH8phP/view?usp=drivesdk,9/22/2018,4/20/2020
FALSE,Realsamples - Slap Bass Collection,https://drive.google.com/file/d/1GGfV9GiH7DqAYbnuJ6LtKk8rm4YkffCB/view?usp=drivesdk,9/22/2018,4/20/2020
FALSE,Samplephonics - Session 004 Simon Goulding Live Funky Bass Guitar,https://drive.google.com/file/d/1xkl65UOgUj-6aB5OjLvtpzlIO0c5xi1v/view?usp=drivesdk,9/22/2018,4/20/2020
FALSE,Orange Tree Samples - Iconic Bass Jaco,https://drive.google.com/file/d/1z384RXuqsU8LaY0rTXSSwxb5WqVx2S7z/view?usp=drivesdk,9/22/2018,4/20/2020
FALSE,Orange Tree Samples - CoreBass Pear,https://drive.google.com/file/d/1-44Pn3VHQUmGETTWCAUD57KMcKZevWK_/view?usp=drivesdk,9/22/2018,4/20/2020
FALSE,Puremagnetik Micropak - Big Bertha,https://drive.google.com/file/d/11k2Dhh82D5erWssVgqgy-3IVXDBufWtB/view?usp=drivesdk,9/22/2018,4/20/2020
FALSE,Prominy - SR5 Rock Bass 1.01,https://drive.google.com/file/d/18wpspgX_dFCETVfMqFrysmIGGWKBwS0a/view?usp=drivesdk,9/22/2018,4/20/2020
FALSE,Orange Tree Samples - Cherry Electric Bass,https://drive.google.com/file/d/1mD80UC-QFUDu6XPKeI8TNUlASy-83OH6/view?usp=drivesdk,9/22/2018,4/20/2020
FALSE,Native Instruments - Scarbee Pre-Bass Amped Timeless Electric Bass,https://drive.google.com/file/d/18IkyKWpe1c1ImS8uUcTQxrZCqHj53aC9/view?usp=drivesdk,9/22/2018,4/20/2020
FALSE,Native Instruments - Scarbee Pre-Bass 1.1.0,https://drive.google.com/file/d/1b71H-f5qTdPMhRGb647LkyChM9w4hYEq/view?usp=drivesdk,9/22/2018,4/20/2020
FALSE,Orange Tree Samples - CoreBass Cherry Slapped,https://drive.google.com/file/d/1e92jdRbSUkK9MWirebB_iiDVS_Rhj6j8/view?usp=drivesdk,9/22/2018,4/20/2020
FALSE,Native Instruments - Scarbee MM-Bass 1.2.0 UPDATE ONLY,https://drive.google.com/file/d/1BkmtnXPRPUYBsKgKIzWtIIrawtWR4cUB/view?usp=drivesdk,9/22/2018,4/20/2020
FALSE,Native Instruments - Scarbee MM-Bass,https://drive.google.com/file/d/1Zr9RXy0UnuqrvZgDcIefSF4nLyWBxHFX/view?usp=drivesdk,9/22/2018,4/20/2020
FALSE,Lyrical Distortion - ‘72 Jazz Bass Direct,https://drive.google.com/file/d/1eMkhUXVmeH3fip5JLN1cmue-kTzo5uyL/view?usp=drivesdk,9/22/2018,4/20/2020
FALSE,Native Instruments - Scarbee MM-Bass Amped,https://drive.google.com/file/d/1msQ_GXi3aUCNDiNXEIvRiHAkGp50Zi39/view?usp=drivesdk,9/22/2018,4/20/2020
FALSE,Ilya Efimov - Modern Bass,https://drive.google.com/file/d/1yz5LC8Ze3c2_zCFccdL9y0ZEII62gvkR/view?usp=drivesdk,9/22/2018,4/20/2020
FALSE,Native Instruments - Scarbee Jay-Bass 1.1.0,https://drive.google.com/file/d/17M0JbsM20LzwmczPC1BsrNYWSthI5gm2/view?usp=drivesdk,9/22/2018,4/20/2020
FALSE,ManyTone - Upright Bass,https://drive.google.com/file/d/1Cnv3DVJ9X5t5yqQw-k_SRzasYRe7C9JI/view?usp=drivesdk,9/22/2018,4/20/2020
FALSE,Impact Soundworks - Shreddage Bass Picked Edition,https://drive.google.com/file/d/1RNmC6sa-oAXSEC4QLMKNfcztEgM23i7q/view?usp=drivesdk,9/22/2018,4/20/2020
FALSE,M-Audio - ProSessions Producer Electric Bass Vol.1 Rock,https://drive.google.com/file/d/1l_RDAoWEoXFHRdMNebnuKcsIMjY40Ldr/view?usp=drivesdk,9/22/2018,4/20/2020
FALSE,Loopmasters - Danny Thomson Double Bass,https://drive.google.com/file/d/1Qo1bKGeRu5K2e9weon6advYRHkg5eMiQ/view?usp=drivesdk,9/22/2018,4/20/2020
FALSE,Ilya Efimov - Classic Bass,https://drive.google.com/file/d/1geAOOwE2Nx7adRmSgYb7IOKpP9qlLe__/view?usp=drivesdk,9/22/2018,4/20/2020
FALSE,8Dio - Basstard,https://drive.google.com/file/d/12VI7outc65LaymLbwJl2TIyScLChE7F0/view?usp=drivesdk,9/22/2018,4/20/2020
FALSE,Wavelore - Glide Resonator Slide Guitar 1.1,https://drive.google.com/file/d/1gwJVM1VsLnSZDZTfXT8cEliZKGi5h7tF/view?usp=drivesdk,9/22/2018,4/20/2020
FALSE,Wavesfactory - Power Guitars,https://drive.google.com/file/d/12UM_q8AVNGq_vveSgAt_fLLpxkQX1aZv/view?usp=drivesdk,9/22/2018,4/20/2020
FALSE,Best Service - Chris Hein Bass,https://drive.google.com/file/d/1fAKOlgsh9KSqJzsbJQfBDO3it5h9RsTH/view?usp=drivesdk,9/22/2018,4/20/2020
FALSE,Wavesfactory - W-Harmonics,https://drive.google.com/file/d/1wUAhf7TMNUxBw3OpfxVcoh4YPnxtJEkd/view?usp=drivesdk,9/22/2018,4/20/2020
FALSE,Sample Logic - Cinematic Guitars Infinity,https://drive.google.com/file/d/1iQNtwlRTcYc4EOeJhc_XARb5hkXzUgNu/view?usp=drivesdk,9/22/2018,4/20/2020
FALSE,Wavesfactory - Marxophone,https://drive.google.com/file/d/1EDSZ5-Ky01Q1qNxiTxHOKx3Gqss-SAap/view?usp=drivesdk,9/22/2018,4/20/2020
FALSE,Wavesfactory - Ukulele Strum,https://drive.google.com/file/d/1hV_hXUw9UOxb52c04Gs9mRO5eAtd7X-c/view?usp=drivesdk,9/22/2018,4/20/2020
FALSE,Wavesfactory - StrumGTR – Vol. I. Electric,https://drive.google.com/file/d/1vVujgCyC5mC3FqoOCmAGksk9MADnpK--/view?usp=drivesdk,9/22/2018,4/20/2020
FALSE,Sample Logic - Cinematic Guitars,https://drive.google.com/file/d/1JqSN0I2e0l0maOKfBzGZr0Z7M_hkalUA/view?usp=drivesdk,9/22/2018,4/20/2020
FALSE,Soundiron - Bizarre Sitar 2.0,https://drive.google.com/file/d/1aE1u_WxCWvwEbT1ta3MVqItQV6fAqYiU/view?usp=drivesdk,9/22/2018,4/20/2020
FALSE,Soundiron - Electric Saz,https://drive.google.com/file/d/1q9tBScQjq-ix1zG597lFU4sTD6dkfqIe/view?usp=drivesdk,9/22/2018,4/20/2020
FALSE,Universal Samplings - Guitar FX,https://drive.google.com/file/d/1qJYsNnhwaibC0mDsrMixgewitKtax_li/view?usp=drivesdk,9/22/2018,4/20/2020
FALSE,SoundfrostMusic - PowerChord Guitars - No.01 Drive to Hell,https://drive.google.com/file/d/17aKitZA08aLFUjbI7yg-059D1FOZesfy/view?usp=drivesdk,9/22/2018,4/20/2020
FALSE,SoundfrostMusic - PowerChord Guitars - No.02 Power of Tangerine,https://drive.google.com/file/d/1YhVIEotRZIJBIgYvITXT8DKDbX-ivC9g/view?usp=drivesdk,9/22/2018,4/20/2020
FALSE,Sample Logic - Cinematic Guitars Organic Atmospheres,https://drive.google.com/file/d/1oPN2iHjC3qwKmcyK7GI-sQ2AUqBQp8j6/view?usp=drivesdk,9/22/2018,4/20/2020
FALSE,Prominy - V Metal,https://drive.google.com/file/d/1As1TMJZaDBXW-MpVBBkGXxz44rfA6yho/view?usp=drivesdk,9/22/2018,4/20/2020
FALSE,Pettinhouse - DirectGuitar 2.1,https://drive.google.com/file/d/1IAC3cO7oTa7va9ccnC_2_0pNLjJw--k9/view?usp=drivesdk,9/22/2018,4/20/2020
FALSE,Sample Logic - Cinematic Guitars 2,https://drive.google.com/file/d/1Iu4z9RrRIzccVUnAm2xWWLDn2Qq234rT/view?usp=drivesdk,9/22/2018,4/20/2020
FALSE,Orange Tree Samples - SLIDE Lap Steel UPDATE,https://drive.google.com/file/d/185pzVg9SzO7XkkmP3PnFsy4XXo5hAvVl/view?usp=drivesdk,9/22/2018,4/20/2020
FALSE,Nine Volt Audio - Metal Guitar Riffs _ Rhythms - Amped _ Distorted,https://drive.google.com/file/d/1W6gOQaq6GE8r__yXgEidxOZDhBmm1bwV/view?usp=drivesdk,9/22/2018,4/20/2020
FALSE,Orange Tree Samples - Lap Steel Guitar,https://drive.google.com/file/d/14oCqqzo4OBnI7dF-WRarNFkCkW5h0CIv/view?usp=drivesdk,9/22/2018,4/20/2020
FALSE,Pettinhouse - FunkyGuitar,https://drive.google.com/file/d/1PWeF_Ti_gEHZLKD38pWRt6g9eVxyyM_f/view?usp=drivesdk,9/22/2018,4/20/2020
FALSE,Prime Loops - Essential Flamenco Guitars,https://drive.google.com/file/d/1FQ1HkeUk-FpOKUvYT6B-298BTW1J9znM/view?usp=drivesdk,9/22/2018,4/20/2020
FALSE,Orange Tree Samples - Evolution Electric Guitar Strawberry,https://drive.google.com/file/d/1-yF1jbtGWPLW_2xfU1S0c9YldcU1m1PM/view?usp=drivesdk,9/22/2018,4/20/2020
FALSE,Orange Tree Samples - Mind Control,https://drive.google.com/file/d/1rwQOLCzvlqwduHkavnY96pSz-wfGLpME/view?usp=drivesdk,9/22/2018,4/20/2020
FALSE,Orange Tree Samples - Evolution Electric Guitar - Stratosphere,https://drive.google.com/file/d/1CSuvjY1H-GjG2NkaBKF_2S6IRK9gAQzZ/view?usp=drivesdk,9/22/2018,4/20/2020
FALSE,Ilya Efimov - TC Electric Guitar,https://drive.google.com/file/d/1FJqNTCO3lv5gdponalJQ1dnKGJzzEZS0/view?usp=drivesdk,9/22/2018,4/20/2020
FALSE,Indiginus - Torch Electric Guitar,https://drive.google.com/file/d/1R22fxN3Xvd4uOZe-XtuXrWH-fz8O0f0d/view?usp=drivesdk,9/22/2018,4/20/2020
FALSE,Native Instruments - Scarbee Funk Guitarist The Funk Phenomenon,https://drive.google.com/file/d/1aJJ3LrVs4xHpV5EY-HD1Uehd3htoJ3bB/view?usp=drivesdk,9/22/2018,4/20/2020
FALSE,Impact Soundworks - Shreddage Electric Rhythm Guitar,https://drive.google.com/file/d/17d0LPl0s4m7qYin5gXHjnu5lK3Se8cE9/view?usp=drivesdk,9/22/2018,4/20/2020
FALSE,Impact Soundworks - Shreddage Electric Rhythm Guitar UPDATE,https://drive.google.com/file/d/1TuyNNTSR9OuzMmt1LSMfHCqLV0WpYAfY/view?usp=drivesdk,9/22/2018,4/20/2020
FALSE,Impact Soundworks - Shreddage 2,https://drive.google.com/file/d/1KJx7ZZSRwRxxOcRzqUeEvlQSTIa50jmx/view?usp=drivesdk,9/22/2018,4/20/2020
FALSE,Ilya Efimov - LP Electric Guitar,https://drive.google.com/file/d/152cYZBI-oc6e5ewtOyK-wyy8q31yuwz4/view?usp=drivesdk,9/22/2018,4/20/2020
FALSE,Ilya Efimov - LP Electric Guitar + Strum,https://drive.google.com/file/d/1rfZ--0EeWfUK-2hp896-pTcKlyktgUxM/view?usp=drivesdk,9/22/2018,4/20/2020
FALSE,CineSamples - Iron Guitars,https://drive.google.com/file/d/1FQ9DwMQsHahhXEgtOjADUEm4YLZxrjJC/view?usp=drivesdk,9/22/2018,4/20/2020
FALSE,Impact Soundworks - Archtop Hollowbody Electric Guitar,https://drive.google.com/file/d/11DsweNZFLIlhdiBwvLbDqMuwBYJoY5Kp/view?usp=drivesdk,9/22/2018,4/20/2020
FALSE,Best Service - Chris Hein Guitars,https://drive.google.com/file/d/1yB62IejFGphB2v5teE_hi-I9FmJYlrl6/view?usp=drivesdk,9/22/2018,4/20/2020
FALSE,8Dio - Rhythmic Aura Guitars,https://drive.google.com/file/d/1DzGMSgytzj90FGujJR1vEzEDi5064M7l/view?usp=drivesdk,9/22/2018,4/20/2020
FALSE,8Dio - The New Ambient Guitar,https://drive.google.com/file/d/1OwetNBQ6MfUeyICc-mAd82Go8DmmIRLk/view?usp=drivesdk,9/22/2018,4/20/2020
FALSE,8Dio - Post Apocalyptic Guitar,https://drive.google.com/file/d/1Q54vnOagwFdMBKY28vQIiN_CltzYsziP/view?usp=drivesdk,9/22/2018,4/20/2020
FALSE,8Dio - Progressive Metal Guitar,https://drive.google.com/file/d/1a1dSYEcGGoeEMqJmNFv4PsCqIKkvhfl3/view?usp=drivesdk,9/22/2018,4/20/2020
FALSE,8Dio - Songwriting Guitar Vol. 2,https://drive.google.com/file/d/1lIXKqtZ5E-sHffeUP4FnlT3mm1OMhO_A/view?usp=drivesdk,9/22/2018,4/20/2020
FALSE,Attitudei - Guitars Volume 2 - Chords _ Strums,https://drive.google.com/file/d/1qhiPoBHiLbmot56YNaQPff7fr08MCdMX/view?usp=drivesdk,9/22/2018,4/20/2020
FALSE,8Dio - Epic Guitars Vol. 1,https://drive.google.com/file/d/1VrpVK9ZGrtSC90V1Zq7pJGhOWscX755Z/view?usp=drivesdk,9/22/2018,4/20/2020
FALSE,CineSamples - Metallurgy,https://drive.google.com/file/d/1RPdW0N9_o85TjP_UwFly67M2AxQNH64G/view?usp=drivesdk,9/22/2018,4/20/2020
FALSE,8Dio - Ambient Guitar,https://drive.google.com/file/d/1COTVH6H88D4EeMyzUfPZ65-Xa1uufQYc/view?usp=drivesdk,9/22/2018,4/20/2020
FALSE,Soundiron - Tabla Vol 1 Loops,https://drive.google.com/file/d/1y0405RI5GGrU2BsFamnCe1pZA5wm8RvG/view?usp=drivesdk,9/22/2018,4/20/2020
FALSE,Cinesamples - Deep Percussion Beds 2,https://drive.google.com/file/d/13uaCMIm3nmFVqo1-DvE7a2mRn8fTy8by/view?usp=drivesdk,9/22/2018,4/20/2020
FALSE,Cinesamples - Deep Percussion Beds,https://drive.google.com/file/d/1Pn5q2wII0ALng6AMWgTfPzg6QOjKBYJP/view?usp=drivesdk,9/22/2018,4/20/2020
FALSE,Spitfire Audio - Mandolin Swarm,https://drive.google.com/file/d/1wPyU-KNZQworaga9yGy072JVM8gQFz3c/view?usp=drivesdk,9/22/2018,4/20/2020
FALSE,Big Fish Audio - Epic Cinematic Drums and Sound Design,https://drive.google.com/file/d/1Qg_kQNqcmMfL_ERPyGiC9vDFniSyqbnc/view?usp=drivesdk,9/22/2018,4/20/2020
FALSE,Westgate Studios - Modular Series Timpani,https://drive.google.com/file/d/1ZI-rwOy5lzaQfZ2bUNs3OXH_PaqtcqCV/view?usp=drivesdk,9/22/2018,4/20/2020
FALSE,Wavesfactory - W-Timpani,https://drive.google.com/file/d/1-ynGRSEq9N-vlQRT8ap4VKXeb2Xh121D/view?usp=drivesdk,9/22/2018,4/20/2020
FALSE,Soundiron - Shake Vol.1,https://drive.google.com/file/d/1CTpmXmOyh-u7795BmIg4wj7GhR3vUB7P/view?usp=drivesdk,9/22/2018,4/20/2020
FALSE,Vir2 Instruments - Elite Orchestral Percussion 1.2,https://drive.google.com/file/d/1ipQR5If1-rfx7ILVaBIzWBGKKqyDXA9D/view?usp=drivesdk,9/22/2018,4/20/2020
FALSE,Wavesfactory - W-Tambourine,https://drive.google.com/file/d/13DRn-ELJ7XzmaNYWJg2pCZu9iM5Cd6IZ/view?usp=drivesdk,9/22/2018,4/20/2020
FALSE,Vir2 Instruments - Cinematic Thunder Epic Orchestral Toms,https://drive.google.com/file/d/1g8Tj9EkfMWxj18hzp2bD7AM7ORSeJFay/view?usp=drivesdk,9/22/2018,4/20/2020
FALSE,Spitfire Audio - HZ01 Hans Zimmer Percussion London Ensembles,https://drive.google.com/file/d/1oapYsRbI8e8dKJOOfLsxQoREPj9f5JEX/view?usp=drivesdk,9/22/2018,4/20/2020
FALSE,Soundiron - Rust Vol.2 version 2.0,https://drive.google.com/file/d/1Mgkc827ITGZlFBX26hjLi8AjuWhiQSx1/view?usp=drivesdk,9/22/2018,4/20/2020
FALSE,Spitfire Audio - Scraped Percussion,https://drive.google.com/file/d/1UJ-cpS2-ey4wwcnguQX0T4RJWRLja9xz/view?usp=drivesdk,9/22/2018,4/20/2020
FALSE,Strezov Sampling - Thunder,https://drive.google.com/file/d/10glfW3uql1xdiOP_jAeMog8CQAYlX9Gu/view?usp=drivesdk,9/22/2018,4/20/2020
FALSE,Spitfire Audio - Percussion REDUX v1.3,https://drive.google.com/file/d/15fI66RCv0VgXRXg72pGzFd-RzO0A_2d6/view?usp=drivesdk,9/22/2018,4/20/2020
FALSE,Spaectrum Arts - The Container,https://drive.google.com/file/d/1KspWpm3lTznGEVbl3wCDZq-mrvTLI_a6/view?usp=drivesdk,9/22/2018,4/20/2020
FALSE,Tapspace - Virtual Drumline 2.5.5,https://drive.google.com/file/d/1RtMsiq63VYFKJuqxSBFURiUy_MD8poo-/view?usp=drivesdk,9/22/2018,4/20/2020
FALSE,Soundiron - Rust Vol 2 Epic Iron,https://drive.google.com/file/d/127R0Bhb-w2rXQETTD7cDFLHO8uhTWAY9/view?usp=drivesdk,9/22/2018,4/20/2020
FALSE,Soundiron - Shudder,https://drive.google.com/file/d/1Fz9VT3jYmILLs62dg-lbz-r2z9N40odA/view?usp=drivesdk,9/22/2018,4/20/2020
FALSE,Spitfire Audio - Glass and Steel,https://drive.google.com/file/d/1xPJOmZXqCgdjMB4o3s8RfoB6VeHu-rhI/view?usp=drivesdk,9/22/2018,4/20/2020
FALSE,Soundiron - Rust 3,https://drive.google.com/file/d/10tlj61V56krrP-lOECHSYT5SJ3BDBy_P/view?usp=drivesdk,9/22/2018,4/20/2020
FALSE,Soundiron - Rust Vol 1,https://drive.google.com/file/d/14m0f_OnldrunlL_j1oevy3EeFZWyZz8a/view?usp=drivesdk,9/22/2018,4/20/2020
FALSE,FTSamples - Timpani On Fire Vol.1,https://drive.google.com/file/d/12sSIWYLOyQG-_c3k8L21Vqt2DaDF16nc/view?usp=drivesdk,9/22/2018,4/20/2020
FALSE,Soundiron - Iron Throne,https://drive.google.com/file/d/19OqW3uq6woIZznOlJp1y2JC3NZk0LbnK/view?usp=drivesdk,9/22/2018,4/20/2020
FALSE,Soundiron - Cymbology Vol 1 Bowed,https://drive.google.com/file/d/1rK39WM2QGkRNnUCUuTAg7CMNBE4U7P8V/view?usp=drivesdk,9/22/2018,4/20/2020
FALSE,Soundiron - Clack,https://drive.google.com/file/d/1L6wcssKALfk6DF7oHUA38KKrRjikF4Xu/view?usp=drivesdk,9/22/2018,4/20/2020
FALSE,Soundiron - High School Drum Corps 2.0,https://drive.google.com/file/d/1Nzr8nVUQIeqTzYK-81E4LZjwoJMBj25-/view?usp=drivesdk,9/22/2018,4/20/2020
FALSE,Soundiron - Bamboo Stick Ensemble,https://drive.google.com/file/d/1jRXnbEnJTdLJBUr7nMe3CnX79jEOeqbd/view?usp=drivesdk,9/22/2018,4/20/2020
FALSE,Sonokinetic - Fe Iron and Metal Elements,https://drive.google.com/file/d/1r0Yw6AGyDf4agI_g6XvnC_UHTSC7hIAs/view?usp=drivesdk,9/22/2018,4/20/2020
FALSE,Sonokinetic - Felt Force One Orchestral Percussion,https://drive.google.com/file/d/1JMwdrGDmGlNZKVYh8xlnuEseTHV0KYBb/view?usp=drivesdk,9/22/2018,4/20/2020
FALSE,Soundiron - Apocalypse Percussion Ensemble v2,https://drive.google.com/file/d/1j-MJuE3BYlzWWkfTcQdqsUTMoC_KiwdW/view?usp=drivesdk,9/22/2018,4/20/2020
FALSE,Soundiron - Apocalypse Percussion Ensemble,https://drive.google.com/file/d/1u0CbRHpvxP47Hmt-iuHLKU__8VPTc_-O/view?usp=drivesdk,9/22/2018,4/20/2020
FALSE,Sampleism - Tronto,https://drive.google.com/file/d/1HoUgvFZxWW1cbOlyELwhTVxbP_AN1Vv3/view?usp=drivesdk,9/22/2018,4/20/2020
FALSE,Sampleism - LS Small Percussion,https://drive.google.com/file/d/1JA5NyTS3XuK37qwBjgLDOLv0euUGnBAF/view?usp=drivesdk,9/22/2018,4/20/2020
FALSE,Sample Logic - Rumble,https://drive.google.com/file/d/1P9eEmt8YyPYY7neLItRGA_OYSi8mlb4Q/view?usp=drivesdk,9/22/2018,4/20/2020
FALSE,Heavyocity - Master Sessions - Ensemble Drums,https://drive.google.com/file/d/1go-y3TXO7yOi8_I8FP_WPHMaLQ5sfq55/view?usp=drivesdk,9/22/2018,4/20/2020
FALSE,ProjectSAM - True Strike,https://drive.google.com/file/d/1gKg5Zh0l_8M8fBZXMtZVn-oQ0Fo3LfY-/view?usp=drivesdk,9/22/2018,4/20/2020
FALSE,Orchestral Tools - The Timpani,https://drive.google.com/file/d/1HWsmB7xXoOHS35daOz1BVr9Hk4TaMxRL/view?usp=drivesdk,9/22/2018,4/20/2020
FALSE,Heavyocity - Damage,https://drive.google.com/file/d/1HP7XU_1yNRn6NLeBydiI_qCDrOoGF8hD/view?usp=drivesdk,9/22/2018,4/20/2020
FALSE,Kirk Hunter Studios - Diamond Symphony Orchestra Percussion,https://drive.google.com/file/d/1ob6YTkIT2LAHBDBrgMqfIo-maAtTFimB/view?usp=drivesdk,9/22/2018,4/20/2020
FALSE,Native Instruments - Action Strikes,https://drive.google.com/file/d/1AB_vsPLfnSnLRqtt05f-W5ITm1IBV0Ij/view?usp=drivesdk,9/22/2018,4/20/2020
FALSE,Precisionsound - Chimes Collection,https://drive.google.com/file/d/1aw5NqnSWiq5-jINDPvjX4m9tl3fis3UK/view?usp=drivesdk,9/22/2018,4/20/2020
FALSE,Precisionsound - Chimes Collection,https://drive.google.com/file/d/1ydM-FmW0ZcUkG4YPjcYIzjPYxG46yeMa/view?usp=drivesdk,9/22/2018,4/20/2020
FALSE,Heavyocity - Master Sessions - Ensemble Metals Collection,https://drive.google.com/file/d/1A7ZUxIu4qcvXk-ABHQDknLe1pIjYohVD/view?usp=drivesdk,9/22/2018,4/20/2020
FALSE,Heavyocity - Master Sessions - Ethnic Drums,https://drive.google.com/file/d/1t7whHbNlvPdYduQmDUnO2qKbGO0YECVR/view?usp=drivesdk,9/22/2018,4/20/2020
FALSE,Impact Soundworks - Impact Steel,https://drive.google.com/file/d/1oA5jgyHOSdxAPoE_TdvdQ5cswzc3qQ-8/view?usp=drivesdk,9/22/2018,4/20/2020
FALSE,Heavyocity - Damage v1.5 UPDATE,https://drive.google.com/file/d/1-tFUQrqpZqhxJgUaftLJ6oFbxclZG3zb/view?usp=drivesdk,9/22/2018,4/20/2020
FALSE,Hollywood Loops - Slam!!,https://drive.google.com/file/d/1J2HbbXwn7M-L_shMEvNDOiC9sgf3yOEU/view?usp=drivesdk,9/22/2018,4/20/2020
FALSE,EV Productions - Hand Tambourine,https://drive.google.com/file/d/1OVay1yfFfZWI7w5xWsR530CPLdhOPyzX/view?usp=drivesdk,9/22/2018,4/20/2020
FALSE,Embertone - Jug Drums COMPLETE,https://drive.google.com/file/d/1nC5KDb7bTgohVvgMBJl6jaMSQ1j47Lud/view?usp=drivesdk,9/22/2018,4/20/2020
FALSE,CineSamples - CineToms Vol.2,https://drive.google.com/file/d/19ij_42scDbjtjnwh_PPRFNINny08Y-xX/view?usp=drivesdk,9/22/2018,4/20/2020
FALSE,CineSamples - CineToms Vol.1,https://drive.google.com/file/d/1dlNpuL2Wqq4dK2ruXP2KVpDUSofRKqVV/view?usp=drivesdk,9/22/2018,4/20/2020
FALSE,East West Quantum Leap - Stormdrum,https://drive.google.com/file/d/10H4NRBHAXFj1S6ACU9XW--HWRPwc7nCM/view?usp=drivesdk,9/22/2018,4/20/2020
FALSE,Cinesamples - CinePerc Pro v1.1,https://drive.google.com/file/d/1jSugKK5GbDfYmykKFqQ-5-9b9xaJmJdm/view?usp=drivesdk,9/22/2018,4/20/2020
FALSE,Cinesamples - CinePerc Epic v1.1,https://drive.google.com/file/d/1M5BmPX3_JbdsCf7muDQDhafKeeBTNNpK/view?usp=drivesdk,9/22/2018,4/20/2020
FALSE,Cinesamples - CinePerc Core v1.1,https://drive.google.com/file/d/1diDw8zauPWoxD4Ji4PraGL31Er66KPZ6/view?usp=drivesdk,9/22/2018,4/20/2020
FALSE,Big Fish Audio - Clash Global Cinematic Percussion,https://drive.google.com/file/d/1fmA2C5q1ESHgqDLRTDbB3hUJsle1xJoI/view?usp=drivesdk,9/22/2018,4/20/2020
FALSE,Cinematique Instruments - Experimental Box V2,https://drive.google.com/file/d/1tpVw3svP0nZLhlidmGOjsnCjQ7ZCc7AA/view?usp=drivesdk,9/22/2018,4/20/2020
FALSE,Boom Library - Cinematic Metal Impacts,https://drive.google.com/file/d/11pQqP8fTDavo8BJmjHpf4AEUjnQSGIfN/view?usp=drivesdk,9/22/2018,4/20/2020
FALSE,Cinematique Instruments - Experimental Box,https://drive.google.com/file/d/1DRPAa_PeqDXUYH6RpoOWhCTDY_FdLKNG/view?usp=drivesdk,9/22/2018,4/20/2020
FALSE,Cinesamples - CinePerc Aux v1.1,https://drive.google.com/file/d/1tGA7bAWiWMuxSxJyyk2luGj_FXbMdLlq/view?usp=drivesdk,9/22/2018,4/20/2020
FALSE,Big Fish Audio - SMACK Claps Snaps and Stomps,https://drive.google.com/file/d/11Cw8Da6Efet_pStjnkB7JD-qTzVrjU3A/view?usp=drivesdk,9/22/2018,4/20/2020
FALSE,Mixosaurus - Expert Virtual Drums 1.1,https://drive.google.com/file/d/1Au6amJ-tAA7fAFLUgEPFs1OzmfiD84pA/view?usp=drivesdk,9/22/2018,4/20/2020
FALSE,Big Fish Audio - Cinematic Percussion 2,https://drive.google.com/file/d/1LiM-H7E7BIAeaouYLGvR0UZ0IxEmp6My/view?usp=drivesdk,9/22/2018,4/20/2020
FALSE,Auddict - Drums of the Deep,https://drive.google.com/file/d/1fLKiRlepvNqTmJf7b7Yg_wuJ9VoXLgh-/view?usp=drivesdk,9/22/2018,4/20/2020
FALSE,8Dio - Small Epic Percussion,https://drive.google.com/file/d/1VnW1aWmAPuRVSq25iEDHGzHpkRiUdX9w/view?usp=drivesdk,9/22/2018,4/20/2020
FALSE,8Dio - The New Epic Toms Ensemble,https://drive.google.com/file/d/1ghH8Wq-htfHo_ld6PwRtsu7FhR2kkLIs/view?usp=drivesdk,9/22/2018,4/20/2020
FALSE,8Dio - Sand Drum,https://drive.google.com/file/d/1NtNxUb1i_Zzoa1PbW9gWTYTiJ41y21yS/view?usp=drivesdk,9/22/2018,4/20/2020
FALSE,8Dio - Wind Chimes,https://drive.google.com/file/d/1hRJkpQc-w0q5iJTwlEaSqR5159zGlsfJ/view?usp=drivesdk,9/22/2018,4/20/2020
FALSE,8Dio - Cajon and Bongo,https://drive.google.com/file/d/1ZZGDH6Zsl07nTHEGkczDjoMwehwM7IhV/view?usp=drivesdk,9/22/2018,4/20/2020
FALSE,Soundiron - Street Bukit,https://drive.google.com/file/d/17DKBMv0tmMR54xL67hdg2wfSid1s57mF/view?usp=drivesdk,9/22/2018,4/20/2020
FALSE,Soundiron - High School Drum Corps,https://drive.google.com/file/d/19EnCyOAYBOTRvKoA1L5KuTL7h771j9Qu/view?usp=drivesdk,9/22/2018,4/20/2020
FALSE,8Dio - Epic Tom Ensemble,https://drive.google.com/file/d/1FOQzLLduDTjPiPorAgOsLcllttQz9pSA/view?usp=drivesdk,9/22/2018,4/20/2020
FALSE,Native Instruments - Discovery Series Cuba,https://drive.google.com/file/d/1OHGEbQKsA-UFp7vgV-n6IeC2hZyuLZWz/view?usp=drivesdk,9/22/2018,4/20/2020
FALSE,8Dio - Epic Toms High _ Epic Toms Low,https://drive.google.com/file/d/1M408FJWhLzBQy0kZJcTcLz37R1Mssa6u/view?usp=drivesdk,9/22/2018,4/20/2020
FALSE,8Dio - Clay Drum,https://drive.google.com/file/d/1gxhdu5EK9xlpyDGDKihVOPlH3nKnkcFx/view?usp=drivesdk,9/22/2018,4/20/2020
FALSE,Native Instruments - Discovery Series Cuba 1.2.0,https://drive.google.com/file/d/1zhXWzmwq-tF_71XmjHuaaP3BqmoWdMn6/view?usp=drivesdk,9/22/2018,4/20/2020
FALSE,Cinesamples - Session Drummer Series,https://drive.google.com/file/d/1RvO_M5-32DoJJQskR9HVAXkFqr9bi0SX/view?usp=drivesdk,9/22/2018,4/20/2020
FALSE,Impact Soundworks - Groove Bias,https://drive.google.com/file/d/1IjRKzXMhpW4REO9S3dkArW09t9gLmDOR/view?usp=drivesdk,9/22/2018,4/20/2020
FALSE,Soundiron - Waterharp,https://drive.google.com/file/d/1qpZTghz7y4NZMAD7t44RPwFKX9_lX1X9/view?usp=drivesdk,9/22/2018,4/20/2020
FALSE,Vir2 Instruments - Vital Series - Mallets,https://drive.google.com/file/d/1DucUhYRySOFlmMxTl_U1PgxOw7kbucV9/view?usp=drivesdk,9/22/2018,4/20/2020
FALSE,Soundiron - Tuned Artillery,https://drive.google.com/file/d/1KFvNY2RH8OQ_0GOZg1y9qz2SbFshq2C9/view?usp=drivesdk,9/22/2018,4/20/2020
FALSE,Wavesfactory - W-Xylophone,https://drive.google.com/file/d/1fma-xYJGxCQsFeHFid9Jy4WhuFSTQK9R/view?usp=drivesdk,9/22/2018,4/20/2020
FALSE,Soundiron - Motor Rhythms,https://drive.google.com/file/d/1YnmqOai7Pa-s31wrHX_FKd4RENRMVsrc/view?usp=drivesdk,9/22/2018,4/20/2020
FALSE,Soundiron - Whaledrum,https://drive.google.com/file/d/1DraGDPgEUS0lbHzBy7lM4j4GqNV0k2vx/view?usp=drivesdk,9/22/2018,4/20/2020
FALSE,Spitfire Audio - Marimba Swarm,https://drive.google.com/file/d/1A6HwtwNqu-xxsI7Sg-D1YpacB3zZjIEh/view?usp=drivesdk,9/22/2018,4/20/2020
FALSE,Spitfire Audio - Ørstphone,https://drive.google.com/file/d/1VpTLK_V_yzDnLTUj022p6kfuFd2v8NVY/view?usp=drivesdk,9/22/2018,4/20/2020
FALSE,Soundiron - Tuned Micro,https://drive.google.com/file/d/1meiWL7DuyuGnYl74tI9REMeYNVodALu0/view?usp=drivesdk,9/22/2018,4/20/2020
FALSE,Soundiron - The Musique Box,https://drive.google.com/file/d/1OzEVrUEEoAeAb5d1sv4qJgi5Q_5L3BZ2/view?usp=drivesdk,9/22/2018,4/20/2020
FALSE,Sonokinetic - Mallets,https://drive.google.com/file/d/1EryjpxZTy1uJxO1O3HmWnm-CwKWejJ4b/view?usp=drivesdk,9/22/2018,4/20/2020
FALSE,Soundiron - Steel Tones,https://drive.google.com/file/d/1e39-k-xnoqMx3V4y3IpxnQLgGw6RfsvT/view?usp=drivesdk,9/22/2018,4/20/2020
FALSE,Soundiron - Noah Bells,https://drive.google.com/file/d/1thGpS_EFt6Af0yLR42quFbIC-bBKIA2e/view?usp=drivesdk,9/22/2018,4/20/2020
FALSE,Soundiron - Cylindrum,https://drive.google.com/file/d/1le05xjTqpva27ed4u2rpYoIc7fwBObwy/view?usp=drivesdk,9/22/2018,4/20/2020
FALSE,Soundiron - Circle Bells,https://drive.google.com/file/d/1a_aBzPD4B8n8dButRQaizvaYqawy4r65/view?usp=drivesdk,9/22/2018,4/20/2020
FALSE,Soundiron - Bamblong,https://drive.google.com/file/d/1ShsJUrgeLiKIOClL8KDTawNV_TD3BPBf/view?usp=drivesdk,9/22/2018,4/20/2020
FALSE,Soundiron - Frendo,https://drive.google.com/file/d/1tFxcjk5KlKTK384B1cJfD3jD5Y-0a3Pm/view?usp=drivesdk,9/22/2018,4/20/2020
FALSE,Soundiron - Kalimba,https://drive.google.com/file/d/1GbzjV7Fi9AJH6VRcL3Xehf9CxPkcGVU2/view?usp=drivesdk,9/22/2018,4/20/2020
FALSE,Soundiron - Alto Glockenspiel,https://drive.google.com/file/d/1K7Sxws3mIE5oET9NykzpXxbVGtajNgAR/view?usp=drivesdk,9/22/2018,4/20/2020
FALSE,Soundiron - Imbibaphones,https://drive.google.com/file/d/1hF2EtnvdRQoEVL35cHyarQ1WNMfh9oTm/view?usp=drivesdk,9/22/2018,4/20/2020
FALSE,Soundiron - Cathedral Of Junk,https://drive.google.com/file/d/12BktE6EGOPIlb21x4teprpNfYfOzTg3H/view?usp=drivesdk,9/22/2018,4/20/2020
FALSE,Sonokinetic - Toll,https://drive.google.com/file/d/1H3tNGzizebWT2WmcSEGT5G3hUAi1IgAr/view?usp=drivesdk,9/22/2018,4/20/2020
FALSE,SonicCouture - Tube Drum,https://drive.google.com/file/d/1rwmhN22wpJgsbkoXjpXZ2kA3jUo9tEf9/view?usp=drivesdk,9/22/2018,4/20/2020
FALSE,SonicCouture - Skiddaw Stones,https://drive.google.com/file/d/1WgZ6Ry2m9oMNWlKPHeqq9v7wbcxLjAWr/view?usp=drivesdk,9/22/2018,4/20/2020
FALSE,SonicCouture - Tingklik,https://drive.google.com/file/d/13iMbhh9YFUUjTImP-HBEoYsSguvbITQH/view?usp=drivesdk,9/22/2018,4/20/2020
FALSE,Sonokinetic - Carillon V. 1.2,https://drive.google.com/file/d/1FyBCNKOux9L865LyJ1KzLTmO2L_jZEQa/view?usp=drivesdk,9/22/2018,4/20/2020
FALSE,Soniccouture - Vibraphone,https://drive.google.com/file/d/1m-Z8wrxjBKXWVhayIogb1_JLVHSQW7-d/view?usp=drivesdk,9/22/2018,4/20/2020
FALSE,SonicCouture - Hang Drum,https://drive.google.com/file/d/1Hf1ra5_s8N70y_9ngEsYHoaiNHCalyzu/view?usp=drivesdk,9/22/2018,4/20/2020
FALSE,Soniccouture - Morpheus,https://drive.google.com/file/d/14Vba6Ox7nDIkHk2N1u8AV0T_-dExbcgj/view?usp=drivesdk,9/22/2018,4/20/2020
FALSE,SonicCouture - Kim,https://drive.google.com/file/d/1LuYI8Ww8Cgc5XPHRDtvgHc04vFT2j5zs/view?usp=drivesdk,9/22/2018,4/20/2020
FALSE,SonicCouture - Skiddaw Stones UPDATE ONLY,https://drive.google.com/file/d/1dtv3snY-zsDe04TcKrWIivCA3LBOedJH/view?usp=drivesdk,9/22/2018,4/20/2020
FALSE,Soniccouture - Giant Bass Tongue Drum,https://drive.google.com/file/d/1rOI3jex8bnHgv7zBhEEdbOVG7q51tJSQ/view?usp=drivesdk,9/22/2018,4/20/2020
FALSE,SonicCouture - Pan Drums,https://drive.google.com/file/d/1xspDXgsqt4Yi5NH1ZmJu5OEvcsQBql4u/view?usp=drivesdk,9/22/2018,4/20/2020
FALSE,Soniccouture - Grand Marimba,https://drive.google.com/file/d/1NnZBQlV2ehptIpACzQLYeomioVtqTpQZ/view?usp=drivesdk,9/22/2018,4/20/2020
FALSE,Soniccouture - Glass Works,https://drive.google.com/file/d/1t62kxsUe3goQOXicJURdi_iQbUKbGuCT/view?usp=drivesdk,9/22/2018,4/20/2020
FALSE,Soniccouture - Glass Works v2.0,https://drive.google.com/file/d/1BvK66HkNW9rpSYpnDmS-pjV6TTc2uFVG/view?usp=drivesdk,9/22/2018,4/20/2020
FALSE,Impact Soundworks - Resonance Emotional Mallets,https://drive.google.com/file/d/1lNy0CIBNtk_9ZzsoIVXF7WjyTumwqi11/view?usp=drivesdk,9/22/2018,4/20/2020
FALSE,Sample Logic - WaterHarp,https://drive.google.com/file/d/1QkgxgQBz_MMu0BmiFRxWMmrHIvN_NQCX/view?usp=drivesdk,9/22/2018,4/20/2020
FALSE,Sample Logic - Waterharp 2,https://drive.google.com/file/d/1zaFscD9DwxlIJWZR6kU45HHkgkfC5aPf/view?usp=drivesdk,9/22/2018,4/20/2020
FALSE,Impact Soundworks - Curio Cinematic Toy Piano,https://drive.google.com/file/d/15OCtu1xeePB6ERnpTxkn5pUOlFfcXuEF/view?usp=drivesdk,9/22/2018,4/20/2020
FALSE,PureMagnetik - MalletPak One,https://drive.google.com/file/d/1HoxOgp4QDw_x6WXcB4O6vg9VCBPK_1oy/view?usp=drivesdk,9/22/2018,4/20/2020
FALSE,SonicCouture - Array Mbira,https://drive.google.com/file/d/1qgFxw3Q2aO-QcrwPWmy2giwRQpwhV8EB/view?usp=drivesdk,9/22/2018,4/20/2020
FALSE,Paper Stone Instruments - Vibraphone,https://drive.google.com/file/d/1AuJ3_0v9AghXGKBiFkFMWUjwJtw7HOhX/view?usp=drivesdk,9/22/2018,4/20/2020
FALSE,Orange Tree Samples - Grand Kalimba,https://drive.google.com/file/d/1TU0NWbKSrjkw9laN5Xu6rLm4rkKII_G1/view?usp=drivesdk,9/22/2018,4/20/2020
FALSE,Fluffy Audio - My Vibes,https://drive.google.com/file/d/1VQkiNwqipRIvogop7OHRIGguAAw8UfDF/view?usp=drivesdk,9/22/2018,4/20/2020
FALSE,Impact Soundworks - Shou Drum,https://drive.google.com/file/d/1uQ2r2-xIwmT7Y8Wx_NaPMkDrCsVusTTJ/view?usp=drivesdk,9/22/2018,4/20/2020
FALSE,Orchestral Tools - The Glock,https://drive.google.com/file/d/1ga9bYr30jDeuL73kl73ilYQ9UrZBpcPt/view?usp=drivesdk,9/22/2018,4/20/2020
FALSE,8Dio - Propanium,https://drive.google.com/file/d/15vxsnhnFfVGDPmaHoaZnlIDPSN3bcgX3/view?usp=drivesdk,9/22/2018,4/20/2020
FALSE,Embertone - Tomato Paste Kalimba,https://drive.google.com/file/d/1h5pR17tvAs9trs0EQnVNcIkIIqcIOOwA/view?usp=drivesdk,9/22/2018,4/20/2020
FALSE,Embertone - Glockenpillar,https://drive.google.com/file/d/1vFgvI2fiWnUgeiZrBUek6AoyNgGOBjEi/view?usp=drivesdk,9/22/2018,4/20/2020
FALSE,EV Productions - Singing Bowl,https://drive.google.com/file/d/1Rj2LFOQLOKgxX7zJ0WOg58C_NnZF6Kmf/view?usp=drivesdk,9/22/2018,4/20/2020
FALSE,8Dio - Wrenchenspiel,https://drive.google.com/file/d/1bQINlGSu8K4Ep2TAlR2SVvt5Lb6gRoAS/view?usp=drivesdk,9/22/2018,4/20/2020
FALSE,"Bela D Media - Gothik Musik Box (NKI, Kontakt)",https://drive.google.com/file/d/15YbIiQPrq76E05k6z6HVMg0sCWEnMWvT/view?usp=drivesdk,9/22/2018,4/20/2020
FALSE,Cinesamples - CineBells,https://drive.google.com/file/d/1GJsNJDhR4RFcdf_hFEUvA5RFP9naQUII/view?usp=drivesdk,9/22/2018,4/20/2020
FALSE,AudioThing - Wood,https://drive.google.com/file/d/1JXx2Eu1pEJAY-UPYo6fzoaPGHAh-6zeL/view?usp=drivesdk,9/22/2018,4/20/2020
FALSE,8Dio - Sea Horse,https://drive.google.com/file/d/1Kg7sJOqxJzmq7pg_2ZAOJJUzCBojnpuy/view?usp=drivesdk,9/22/2018,4/20/2020
FALSE,8Dio - The New Alien Drum,https://drive.google.com/file/d/1MHyOQlEMQmjr3He9F3dv3vs0f5TuIFyY/view?usp=drivesdk,9/22/2018,4/20/2020
FALSE,"CineSamples - Artist Series, Randy Kerber Randy’s Celeste",https://drive.google.com/file/d/1MmGj7jqKACnxjzszlOXmPmCqRqgw-i0G/view?usp=drivesdk,9/22/2018,4/20/2020
FALSE,Cinematique Instruments - Percussion Chimes,https://drive.google.com/file/d/1lMzERTp2umVOo00az0RAPSP38gbALE8Y/view?usp=drivesdk,9/22/2018,4/20/2020
FALSE,8Dio - Glass Marimba,https://drive.google.com/file/d/19YszFJwmzWkGgdoMCNYL6ljMeVRLEbRb/view?usp=drivesdk,9/22/2018,4/20/2020
FALSE,8Dio - Polyphon,https://drive.google.com/file/d/1_9uL-V9SwchsAGa_sCse-qCcUWtgzzDW/view?usp=drivesdk,9/22/2018,4/20/2020
FALSE,8Dio - Alien Drum,https://drive.google.com/file/d/1Wtc1Y9gMklcv66FGxL-m4D0LREP2PHJl/view?usp=drivesdk,9/22/2018,4/20/2020
FALSE,8Dio - Copperphone,https://drive.google.com/file/d/1kAnbY3jPvlkz3bL1ptH1lSb8WncYEU08/view?usp=drivesdk,9/22/2018,4/20/2020
FALSE,8Dio - Music Box,https://drive.google.com/file/d/1ufvle9KUqJNKv172M6F_fBZxDQkmG7s3/view?usp=drivesdk,9/22/2018,4/20/2020
FALSE,8Dio - Borosilicate Bells,https://drive.google.com/file/d/1DTS8sNMpKxt55bFv5EvEDnD9uHGdBg_K/view?usp=drivesdk,9/22/2018,4/20/2020
FALSE,8Dio - Berimbau,https://drive.google.com/file/d/1Y8MXEoZ68W3HHj53Kq3hOfR7QKB0_a8l/view?usp=drivesdk,9/22/2018,4/20/2020
FALSE,8Dio - Acoustic Grand Ensembles Vol. 2,https://drive.google.com/file/d/1oeY1Ae7GyWNalAS_3tcT9Chl1vKlTm8n/view?usp=drivesdk,9/22/2018,4/20/2020
FALSE,8DIO - Jaw Harp,https://drive.google.com/file/d/1xx_4qmNJqNNRWk93ZcpSDpi7Dx9lEbix/view?usp=drivesdk,9/22/2018,4/20/2020
FALSE,Soniccouture - (Bowed) Piano,https://drive.google.com/file/d/1Lk7BWAszYbC80j3a3eYOmXfIK9XDiFl-/view?usp=drivesdk,9/22/2018,4/20/2020
FALSE,Samplesourcer - Toy Piano,https://drive.google.com/file/d/1MCpW01gcFlYJlSos_zyx4p-nVdeey1Ul/view?usp=drivesdk,9/22/2018,4/20/2020
FALSE,Soundiron - Kinderklavier Toy Piano,https://drive.google.com/file/d/1d26d98PKzM08HAZSM4hSBw_9wmrFkBTy/view?usp=drivesdk,9/22/2018,4/20/2020
FALSE,Soniccouture - (Xtended) Piano ,https://drive.google.com/file/d/1yglwVfPYwGV5yBFInjASIczgGDcNy0PC/view?usp=drivesdk,9/22/2018,4/20/2020
FALSE,Spitfire Audio - PP017 Evo Grid 1 - Evolving Stringscapes,https://drive.google.com/file/d/15mhO_Qyt9G0Qh4vYuykY60jHLTaNoe-_/view?usp=drivesdk,9/22/2018,4/20/2020
FALSE,Embertone - Tiny Grand,https://drive.google.com/file/d/1APXKxKWkfh_EY_OgNA3mw4A_-FXwTs86/view?usp=drivesdk,9/22/2018,4/20/2020
FALSE,Heavyocity - NOVO Modern Strings,https://drive.google.com/file/d/1kVEbR_km7AweVDUkUS0EviJBs0qyI9fq/view?usp=drivesdk,9/22/2018,4/20/2020
FALSE,Strezov Sampling - Tickle,https://drive.google.com/file/d/1-EdJZPieWziPKkH1HNef5pcw9w7tyuCj/view?usp=drivesdk,9/22/2018,4/20/2020
FALSE,Spitfire Audio - Solo Strings,https://drive.google.com/file/d/17cnIVl6oPEBZMQQuqUBk9PYtEi5E201K/view?usp=drivesdk,9/22/2018,4/20/2020
FALSE,The Cello Of Damascus,https://drive.google.com/file/d/1JQFibuuHjcPBhIMk-0rINe9TCmXWg9RZ/view?usp=drivesdk,9/22/2018,4/20/2020
FALSE,Vir2 Instruments - Violence,https://drive.google.com/file/d/1rn6KjRyZsKIKsEWOPeQnpkGhAf4P26ji/view?usp=drivesdk,9/22/2018,4/20/2020
FALSE,Spitfire Audio - PP021 Evo Grid 3 - Strings in Motion,https://drive.google.com/file/d/1B5VSLKPdxN-BkTk-v3V5iZUgzu4zh00J/view?usp=drivesdk,9/22/2018,4/20/2020
FALSE,Spitfire Audio - PP020 Evo Grid 2 - Subtle Strings,https://drive.google.com/file/d/1RkP0OmiA2vX8dzYrKQru3TFA4HQZiGfq/view?usp=drivesdk,9/22/2018,4/20/2020
FALSE,Neocymatics - Hybrid Strings,https://drive.google.com/file/d/1kDKz5kNWUnDdWwyUIotX4jaWSAQkPWY_/view?usp=drivesdk,9/22/2018,4/20/2020
FALSE,Spitfire Audio - LLP SOLO STRINGS LIBRARY (unpacked),https://drive.google.com/file/d/1yBWLnDAZkHvKCO7cS7uGsUIP1WjlblpP/view?usp=drivesdk,9/22/2018,4/20/2020
FALSE,Fluffy Audio - Trio Broz Solo Violin 2.0,https://drive.google.com/file/d/1QnYS12LSOYRdl6FJSm1Bm0QObjjVR2g1/view?usp=drivesdk,9/22/2018,4/20/2020
FALSE,Spitfire Audio - Mural Symphonic Strings Vol. 1,https://drive.google.com/file/d/1EqieBl8apHRsL3HYpgCQA2thZOhcEo80/view?usp=drivesdk,9/22/2018,4/20/2020
FALSE,Spitfire Audio - BML Mural Symphonic Strings Ensembles,https://drive.google.com/file/d/1nzs3Oraf0K5qAnXJo8Ec7_i3_0ldtiJV/view?usp=drivesdk,9/22/2018,4/20/2020
FALSE,Spitfire Audio - BML Mural Symphonic Evolutions,https://drive.google.com/file/d/1QINdZ9tw5qqlNFcY03RkeqIPjxBdpVYx/view?usp=drivesdk,9/22/2018,4/20/2020
FALSE,Native Instruments - Session Strings Pro,https://drive.google.com/file/d/18IaMMvuoeGifxGGT1_ub4IrRjNeRkq21/view?usp=drivesdk,9/22/2018,4/20/2020
FALSE,Native Instruments - Symphony Series Strings Ensemble,https://drive.google.com/file/d/1PLNtnh0q14Wrai8t03YwuOgyXPTmxfXE/view?usp=drivesdk,9/22/2018,4/20/2020
FALSE,Kirk Hunter Studios - Concert Strings 2 - Solo Divisions,https://drive.google.com/file/d/1_kI34ipT3NZvDdo9WShN1JISX3Y2x6oJ/view?usp=drivesdk,9/22/2018,4/20/2020
FALSE,Sonokinetic - Ostinato Strings,https://drive.google.com/file/d/1w6Y90gvTtPhD4gVnQm0Q8CTkTzkdGOG3/view?usp=drivesdk,9/22/2018,4/20/2020
FALSE,Musical Sampling - Trailer Strings,https://drive.google.com/file/d/1wEONJHy_tgCbLhsu0g5Fc55xewEVh4ZS/view?usp=drivesdk,9/22/2018,4/20/2020
FALSE,Kirk Hunter Studios - Kirk Hunter Studios Spotlight Strings,https://drive.google.com/file/d/193wY-NeZfT8322M7pSF261rtDsf2QKfJ/view?usp=drivesdk,9/22/2018,4/20/2020
FALSE,Native Instruments - Action Strings,https://drive.google.com/file/d/1OrPtIIMAwlnLCV-s9pPCJG8moVUkjZm7/view?usp=drivesdk,9/22/2018,4/20/2020
FALSE,Musical Sampling - Soaring Strings,https://drive.google.com/file/d/1qK6gPVA2kMXCsPL1TgF-O1xQK8tF6iM-/view?usp=drivesdk,9/22/2018,4/20/2020
FALSE,Fluffy Audio - Trio Broz Solo Viola,https://drive.google.com/file/d/17mrfb6GfXDbIyXEpDX9TJocDlqEacLwz/view?usp=drivesdk,9/22/2018,4/20/2020
FALSE,Light And Sound - Chamber Strings,https://drive.google.com/file/d/1WaljaJ-sLflwZJE68eta36qa9jHLoNC9/view?usp=drivesdk,9/22/2018,4/20/2020
FALSE,Kirk Hunter Studios - Diamond Symphony Orchestra Basses,https://drive.google.com/file/d/1TiJrRSEO84PJf0eMIP0KHrEeiH9_YNS2/view?usp=drivesdk,9/22/2018,4/20/2020
FALSE,Fluffy Audio - Trio Broz Solo Cello,https://drive.google.com/file/d/1rBox0duwTia9VGWZyvN3GxEFNcKSWyj9/view?usp=drivesdk,9/22/2018,4/20/2020
FALSE,Kirk Hunter Studios - Diamond Symphony Orchestra Violins Violas And Cellos Complete,https://drive.google.com/file/d/1qXCtYtcgfLCWGSDdichOka7ch-B_SvEP/view?usp=drivesdk,9/22/2018,4/20/2020
FALSE,Sonokinetic - Shahrazad Middle Eastern Clarinet Performances,https://drive.google.com/file/d/1Om74TXs7fLlOGuCOiBQaAWsXKwyOupt4/view?usp=drivesdk,9/22/2018,4/20/2020
FALSE,Cinesamples - Artist Series - Tina Guo,https://drive.google.com/file/d/14KeBMUqUEZcMytbnDRyOG2asGZYEb5vz/view?usp=drivesdk,9/22/2018,4/20/2020
FALSE,Cinematic Studio - Strings v1.1,https://drive.google.com/file/d/1HTKLvSCMtJWyKzN7kvegHCABvH_4FLA_/view?usp=drivesdk,9/22/2018,4/20/2020
FALSE,Cinesamples - Artist Series - Tina Guo - Acoustic Cello Legato,https://drive.google.com/file/d/1uhv9pfLHlTy3q9Q8x6WJVXScwF8uRyy7/view?usp=drivesdk,9/22/2018,4/20/2020
FALSE,ARIA Sounds - London Symphonic Strings,https://drive.google.com/file/d/1kkHHYDkPDpuf3xJ3_YiKAOTOcGY3mzmz/view?usp=drivesdk,9/22/2018,4/20/2020
FALSE,Big Fish Audio - London Solo Strings,https://drive.google.com/file/d/1is6zYrXWzI3vlRVQIsE6OyP0ctclFnOu/view?usp=drivesdk,9/22/2018,4/20/2020
FALSE,Auddict - Virtuoso Violin,https://drive.google.com/file/d/1FidehR3mHes4aaGnxM3X-iNViH7D9XFJ/view?usp=drivesdk,9/22/2018,4/20/2020
FALSE,Auddict - United Strings of Europe First Violins,https://drive.google.com/file/d/1qEBDAtd6LwEdGU3Za7YRJouPZmZeW1g1/view?usp=drivesdk,9/22/2018,4/20/2020
FALSE,8Dio - Solo Cello Designer,https://drive.google.com/file/d/1uTj-OLkwRujnN0erR31xnyjFuSBkXNLn/view?usp=drivesdk,9/22/2018,4/20/2020
FALSE,8Dio - Solo Violin,https://drive.google.com/file/d/1k6W8dd3qrwJfyqwiRup0a3H_VA-DWMF2/view?usp=drivesdk,9/22/2018,4/20/2020
FALSE,8Dio - Anthology,https://drive.google.com/file/d/1riktruG0cjqPAf3yzfFolSMU3_jZCHx1/view?usp=drivesdk,9/22/2018,4/20/2020
FALSE,8Dio - Adagietto,https://drive.google.com/file/d/1Lvr1y9xSvJk-uoN8pYXMm9zZtPVWZ2S3/view?usp=drivesdk,9/22/2018,4/20/2020
FALSE,Impact Soundworks - Ventus Series Shakuhachi,https://drive.google.com/file/d/1XsHUp22YXTuOgFWP7TLdjxRNDDCnLuMV/view?usp=drivesdk,9/22/2018,4/20/2020
FALSE,8Dio - Jenifer,https://drive.google.com/file/d/1v7IL0E31_-EniAM6OYn7srAH1ploWGcv/view?usp=drivesdk,9/22/2018,4/20/2020
FALSE,Westgate Studios - Flutes 1,https://drive.google.com/file/d/1Nj0mnu1D28P9s7pMlQqXMfRkBXkOEucp/view?usp=drivesdk,9/22/2018,4/20/2020
FALSE,Orange Tree Samples - Passion Flute,https://drive.google.com/file/d/1P7gDRyihXHHyZVeJQe_H-FKagW_DE2WY/view?usp=drivesdk,9/22/2018,4/20/2020
FALSE,Impact Soundworks - Ventus Series Tin Whistle,https://drive.google.com/file/d/1EqHbRtEdFCJSXfHF2hbTvHOQkHEowpOs/view?usp=drivesdk,9/22/2018,4/20/2020
FALSE,"Westgate Studios - Modular Series Solo Piccolo, Solo Flute",https://drive.google.com/file/d/1vBnvV-VZa8-GDlUj3QoSyVFA3SzkIMlX/view?usp=drivesdk,9/22/2018,4/20/2020
FALSE,Orange Tree Samples - MesaWinds,https://drive.google.com/file/d/1ZgJrrOqmVkqy1PmpgfMydCCqfjBV0obJ/view?usp=drivesdk,9/22/2018,4/20/2020
FALSE,Impact Soundworks - Ventus Series Pan flutes,https://drive.google.com/file/d/1PDv_NSbSXFF0es3SPlydeXde9pKTQtC9/view?usp=drivesdk,9/22/2018,4/20/2020
FALSE,Westgate Studios - Flutes 2,https://drive.google.com/file/d/1tJ9fP7P73Tf4xgYk5UTZ4dS6rfzv1sKF/view?usp=drivesdk,9/22/2018,4/20/2020
FALSE,"Westgate Studios - Modular Series Solo Alto Flute, 2 Flutes Section",https://drive.google.com/file/d/13A0z71YOEz2LEt1dcAVI6HYmUAVognvd/view?usp=drivesdk,9/22/2018,4/20/2020
FALSE,Ilio Dirk Campbell_s - World Winds,https://drive.google.com/file/d/1AgIURC7jaxPdc97xHvEGR1X8iWz1S90q/view?usp=drivesdk,9/22/2018,4/20/2020
FALSE,Westgate Studios - Clarinets,https://drive.google.com/file/d/1GmDEuCGWoKPbHsdLuftJpnjxm7YbUaqT/view?usp=drivesdk,9/22/2018,4/20/2020
FALSE,Ilya Efimov - Zhaleika In C,https://drive.google.com/file/d/1XZADWUEaRIKLA_pGpTEo0ctZPPiMIdkK/view?usp=drivesdk,9/22/2018,4/20/2020
FALSE,Fluffy Audio - DigHybridoo,https://drive.google.com/file/d/1abZMM-AByyEvdbizi2KYfiTs22savVnM/view?usp=drivesdk,9/22/2018,4/20/2020
FALSE,Orchestral Tools - Soloists II Nocturne Cello Part 3,https://drive.google.com/file/d/1CgE8k8lqTNadTYZn57ZWnpZG73Y_Zpuh/view?usp=drivesdk,9/22/2018,4/20/2020
FALSE,Embertone - Ocarina Amaya,https://drive.google.com/file/d/16oXasDIsKF41JddjLTINMWrRvsd8iFmT/view?usp=drivesdk,9/22/2018,4/20/2020
FALSE,Embertone - Jubal Flute,https://drive.google.com/file/d/1SS008zaNF88kgMnfT8KPxoR75Jkv4n61/view?usp=drivesdk,9/22/2018,4/20/2020
FALSE,8Dio - Spirit Flute,https://drive.google.com/file/d/1-AakNDMUg_fVuQWZ20nNHGHmNJXlf1Ss/view?usp=drivesdk,9/22/2018,4/20/2020
FALSE,Westgate Studios - Oboes,https://drive.google.com/file/d/1FYmRy-G3Gz4Bv0WbZqd-HihdFx5G_8vt/view?usp=drivesdk,9/22/2018,4/20/2020
FALSE,Westgate Studios - Bassoons,https://drive.google.com/file/d/1Rd_7QvxoYYTJzUhsQ699GgIxCrK63h2F/view?usp=drivesdk,9/22/2018,4/20/2020
FALSE,8Dio - Overtone Flute,https://drive.google.com/file/d/1IbLBJKKiqPjyv5CPYFcaDcIjigs5U3r6/view?usp=drivesdk,9/22/2018,4/20/2020
FALSE,8Dio - Didgeridoo,https://drive.google.com/file/d/1PNZEMtjTDDW_xwKZ8CHFrDM9Aa2ChuRq/view?usp=drivesdk,9/22/2018,4/20/2020
FALSE,Orchestral Tools - Soloists II Nocturne Cello Part 2,https://drive.google.com/file/d/1mTth24SU5ujrGIEJfGKc17thR5HKw4GC/view?usp=drivesdk,9/22/2018,4/20/2020
FALSE,Fluffy Audio - John Diamanti Fox Solo Clarinet,https://drive.google.com/file/d/1v3mUJLU-o2OUEFc8Hcsy4FbrWQseQVWR/view?usp=drivesdk,9/22/2018,4/20/2020
FALSE,Vienna Symphonic Library - Opus 1 Flute,https://drive.google.com/file/d/1QH4J8vTxHauN6KFLhsw0u_d0yhJsnwiW/view?usp=drivesdk,9/22/2018,4/20/2020
FALSE,Native Instruments - Woodwind Solo (Symphony Series),https://drive.google.com/file/d/1lTAViraOii02M6mYUg9D2RnSgjLY913d/view?usp=drivesdk,9/22/2018,4/20/2020
FALSE,Vienna Symphonic Library - Clarinet Eb ,https://drive.google.com/file/d/1RlZHLI6-rli8NwQgJ2u3dkKT7RZBgD1L/view?usp=drivesdk,9/22/2018,4/20/2020
FALSE,Fluffy Audio - Steffania Maratti Solo Flute,https://drive.google.com/file/d/1KlR1nKo4bT7Wj5dLEIjL75v24qZYRPtS/view?usp=drivesdk,9/22/2018,4/20/2020
FALSE,Sonokinetic - Woodwinds Ensemble Extended Edition v1.1,https://drive.google.com/file/d/1OO341eNue8fY9w2Qj8ExY_Zn191AJa7X/view?usp=drivesdk,9/22/2018,4/20/2020
FALSE,Native Instruments - Woodwind Ensemble (Symphony Series),https://drive.google.com/file/d/1qnTN7s3dO6ciT2Yc0ZDllR1p8MoQrOky/view?usp=drivesdk,9/22/2018,4/20/2020
FALSE,Kirk Hunter Studios - Diamond Symphony Orchestra - Woodwind Solos,https://drive.google.com/file/d/1XLoeuAZtMZWWSWlIZRruI84O4iAFRLYK/view?usp=drivesdk,9/22/2018,4/20/2020
FALSE,Cinesamples - Hollywoodwinds,https://drive.google.com/file/d/1VeTYK3RsLXWXGUeQS_XpQbD6OJ_bPspD/view?usp=drivesdk,9/22/2018,4/20/2020
FALSE,Spitfire Audio - BML Sable Vol.3,https://drive.google.com/file/d/1-9Mh6rpZ1dBibFFPkdwZhG_nF1l5dvM5/view?usp=drivesdk,9/22/2018,4/20/2020
FALSE,Vienna Symphonic Library - Bass Clarinet,https://drive.google.com/file/d/1wmBWQSQdFpP7B7S2bgnhepor6hQbbQ-E/view?usp=drivesdk,9/22/2018,4/20/2020
FALSE,8Dio - Claire Oboe Virtuoso,https://drive.google.com/file/d/1AIF6w9IpPmyxtRTFnxa0bIHx9ufGQFzU/view?usp=drivesdk,9/22/2018,4/20/2020
FALSE,8Dio - CAGE Woodwinds,https://drive.google.com/file/d/1QyeGtd5N3HEKEFucp5ilwXzB3ObecEw5/view?usp=drivesdk,9/22/2018,4/20/2020
FALSE,Cinesamples - CineWinds Pro,https://drive.google.com/file/d/1Q_BZWkkEqC5EKed-4pTHCHOLEZzSZpTn/view?usp=drivesdk,9/22/2018,4/20/2020
FALSE,8Dio - Claire Flute Virtuoso,https://drive.google.com/file/d/1alZ4C0Xejy6YWW7t6nWs8aE1Qxyt-YuB/view?usp=drivesdk,9/22/2018,4/20/2020
FALSE,8Dio - Claire Virtuoso Bundle,https://drive.google.com/file/d/1VvBQTfckmyBJXmbhsWw2tKnYXpj_1k4m/view?usp=drivesdk,9/22/2018,4/20/2020
FALSE,Cinesamples - CineWinds CORE,https://drive.google.com/file/d/1fWkiZgIqJyuDHOL4jOnRQAqg5xc3OqMj/view?usp=drivesdk,9/22/2018,4/20/2020
FALSE,8Dio - Claire English Horn Virtuoso,https://drive.google.com/file/d/1PQvZDZq2Dw_tIgjQdQRSnfjKJfaT4RBx/view?usp=drivesdk,9/22/2018,4/20/2020
FALSE,Virtual Acoustic - Guerrini Superior 2,https://drive.google.com/file/d/1mias6Q6HGbfRGr6ag7Eb3K6pSa3QnIJK/view?usp=drivesdk,9/22/2018,4/20/2020
FALSE,8Dio - Claire Bassoon Virtuoso,https://drive.google.com/file/d/1nPBBU76q5M47hubLx5YROrprOezJSiEZ/view?usp=drivesdk,9/22/2018,4/20/2020
FALSE,Ilya Efimov - Bayan,https://drive.google.com/file/d/1V8fXxoQjBpoS8wYUAxaSJYB6TBsSh5FL/view?usp=drivesdk,9/22/2018,4/20/2020
FALSE,Soundiron - Little Pump Reeds,https://drive.google.com/file/d/1Oh8DqoPtyfHp21Q4vXT5E0lMV5eVEqnD/view?usp=drivesdk,9/22/2018,4/20/2020
FALSE,8Dio - Claire Clarinet Virtuoso,https://drive.google.com/file/d/1Uyt-h5599D-yqYujoFZGmQf5Ao9sx-8p/view?usp=drivesdk,9/22/2018,4/20/2020
FALSE,Precisionsound - Carina Accordion,https://drive.google.com/file/d/1NqjZusv1cZ-Cr4407RmNF_Kf0d1gI-LT/view?usp=drivesdk,9/22/2018,4/20/2020
FALSE,Precisionsound - Weltmeister Accordion,https://drive.google.com/file/d/1_EHuIiTGT6JSztjvyqF6JQuftSJzLGMp/view?usp=drivesdk,9/22/2018,4/20/2020
FALSE,Precisionsound - Carina Accordion,https://drive.google.com/file/d/1ajX5U4ZlesHU_TlT_Ajsqoyo1q3W3E-x/view?usp=drivesdk,9/22/2018,4/20/2020
FALSE,Sonart Audio - Deluxe Series Accordion,https://drive.google.com/file/d/1xAvPS6_nCd78jx-U_Y9ZE-WIpGXlWE5n/view?usp=drivesdk,9/22/2018,4/20/2020
FALSE,8Dio - 8Dioboe,https://drive.google.com/file/d/1L-9Y_HNZD8sTgUM9s2NOCMo_I-DzeNpY/view?usp=drivesdk,9/22/2018,4/20/2020
FALSE,Ilya Efimov - Accordion,https://drive.google.com/file/d/1NHJqSz0bO6p21Ji3w9ZyDyVPsoRS9aVB/view?usp=drivesdk,9/22/2018,4/20/2020
FALSE,Cinematique Instruments - Double Bass Harmonica,https://drive.google.com/file/d/1SbhonQGFmkiCpHlF5uyEk3Wgr0M0Medw/view?usp=drivesdk,9/22/2018,4/20/2020
FALSE,Accordion _Jupiter_,https://drive.google.com/file/d/1UBekJYU-qMjtArYeKgTXJbE-38FKB2QC/view?usp=drivesdk,9/22/2018,4/20/2020
FALSE,Best Service - Accordions,https://drive.google.com/file/d/1yyk0eElWNaqCLThIPego--b7M4Wx66AH/view?usp=drivesdk,9/22/2018,4/20/2020
FALSE,Spitfire Audio - Labs,https://drive.google.com/file/d/1TQjEmW9TnxH49QkH0a92vKC2QvXn2PCf/view?usp=drivesdk,9/22/2018,4/20/2020
FALSE,Sonokinetic - Capriccio,https://drive.google.com/file/d/1b6LfeIvRi-EMUhF-SAwy_mcz8NHWu5Ad/view?usp=drivesdk,9/22/2018,4/20/2020
FALSE,Sonokinetic - Sotto,https://drive.google.com/file/d/1VapWtmOkM88vH134xBebolDCBHjjCJiG/view?usp=drivesdk,9/22/2018,4/20/2020
FALSE,Sonokinetic - Tutti,https://drive.google.com/file/d/1kf_ujvcQ7foMHnsyFIzAParGL4ULVMgY/view?usp=drivesdk,9/22/2018,4/20/2020
FALSE,Sonokinetic - Maximo,https://drive.google.com/file/d/1nsAdqPQxV9v-guWpEI7QhxJO67nyMjtl/view?usp=drivesdk,9/22/2018,4/20/2020
FALSE,Sonokinetic - Minimal 2.0,https://drive.google.com/file/d/13lgstQariBCJT0X1Ccuyb9xBbucmQOW_/view?usp=drivesdk,9/22/2018,4/20/2020
FALSE,Sonokinetic - Grosso,https://drive.google.com/file/d/10E8dN3vz0vZdIBK6MCM_7lgqnJLMqpzA/view?usp=drivesdk,9/22/2018,4/20/2020
FALSE,Spitfire Audio - BML Sable Vol.2,https://drive.google.com/file/d/1JceEORBW3X7_jWhjyIMNSqq-JblOsRXZ/view?usp=drivesdk,9/22/2018,4/20/2020
FALSE,Spitfire Audio - Masse,https://drive.google.com/file/d/14Il6_PCWH0JC9jg-hHWvClLzSdOJ8RUt/view?usp=drivesdk,9/22/2018,4/20/2020
FALSE,Sonokinetic - Vivace 1.2,https://drive.google.com/file/d/1e2IKrdO8jok-a84QiFkwtSQBZekPx6Wi/view?usp=drivesdk,9/22/2018,4/20/2020
FALSE,ProjectSAM - Swing! v1.1,https://drive.google.com/file/d/124_O18ZiBV7fuDKq6rYKYNJANSgjsH3l/view?usp=drivesdk,9/22/2018,4/20/2020
FALSE,Orchestral Tools - Symphonic Sphere,https://drive.google.com/file/d/1e8cYRN7XYUoZVWX3IsTEt_GX6QIRQ5Wq/view?usp=drivesdk,9/22/2018,4/20/2020
FALSE,Orchestral Tools - Metropolis Ark 1,https://drive.google.com/file/d/1wzOSfERJCdDKzcvK97mMEEaMcyhknaS0/view?usp=drivesdk,9/22/2018,4/20/2020
FALSE,ProjectSAM - Orchestral Essentials,https://drive.google.com/file/d/13kMBESRvIevTuZpGNkFBwYSNnaXJkZfi/view?usp=drivesdk,9/22/2018,4/20/2020
FALSE,ProjectSAM - Swing More!,https://drive.google.com/file/d/1QfPJ3hN5WG1Vlv9uVGAfoTfCo5oG3PJS/view?usp=drivesdk,9/22/2018,4/20/2020
FALSE,Native Instruments - Kontakt 5 Factory Library,https://drive.google.com/file/d/1THPJhPYoY6FhvhNYUMvE78Xzgd1NGY5P/view?usp=drivesdk,9/22/2018,4/20/2020
FALSE,ProjectSAM - Orchestral Essentials 2 v1.2,https://drive.google.com/file/d/15ZRPH73Ie9JvF5wZ8T-tZRsKECQyYJ2o/view?usp=drivesdk,9/22/2018,4/20/2020
FALSE,ProjectSAM - Orchestral Essentials v1.2,https://drive.google.com/file/d/16gMt7cxju2WulLghDqKfxg1rAu4aG2vx/view?usp=drivesdk,9/22/2018,4/20/2020
FALSE,Orchestral Tools - Metropolis Ark 2,https://drive.google.com/file/d/1gX3ZvPWTUp1TVNWLFEy3ctpPkoroIo4w/view?usp=drivesdk,9/22/2018,4/20/2020
FALSE,Indiginus - Solid State Symphony,https://drive.google.com/file/d/17iP47qwhmQd_1YnvQuk6wuqSVQ1mrR67/view?usp=drivesdk,9/22/2018,4/20/2020
FALSE,FableSounds Broadway Big Band v.1.3,https://drive.google.com/file/d/1KQgeCd5wXPKV72-IUoBZSbwYw62a9Gsm/view?usp=drivesdk,9/22/2018,4/20/2020
FALSE,Garritan - Jazz _ Big Band,https://drive.google.com/file/d/1NKlr0DLmIaC2N8_ZzXb7hpHIaVsmAku_/view?usp=drivesdk,9/22/2018,4/20/2020
FALSE,East West Quantum Leap - Colossus,https://drive.google.com/file/d/1Crfpa5gWQN6aoQEFCzulSxLSMeWJno4R/view?usp=drivesdk,9/22/2018,4/20/2020
FALSE,Zero-G - Alien Skies Cinematic Ambiences 2,https://drive.google.com/file/d/144lKqLmkBf5zUI1Dig037Jyvc-LwBGxN/view?usp=drivesdk,9/22/2018,4/20/2020
FALSE,East West Quantum Leap - Symphonic Orchestra Gold Edition,https://drive.google.com/file/d/1c22ZHDjH_Ed2dVA4vOs-sN5PI0b1T8Tq/view?usp=drivesdk,9/22/2018,4/20/2020
FALSE,Cinesamples - Rio Grooves,https://drive.google.com/file/d/1o1nNcdRLjhU9zpZB0Y4N_iaHV-h-HdZV/view?usp=drivesdk,9/22/2018,4/20/2020
FALSE,Zero-G - Deep Impact Cinematic Atmospheres _ SFX,https://drive.google.com/file/d/10jRZj5DffT4UaI6ijVSpy-spy5GIXkzF/view?usp=drivesdk,9/22/2018,4/20/2020
FALSE,Unlimited Hellest - Cinematica,https://drive.google.com/file/d/19itrpO9U74IiT18u84BwnVK38JMG2uow/view?usp=drivesdk,9/22/2018,4/20/2020
FALSE,Big Fish Audio - Tension,https://drive.google.com/file/d/1Xcw6T37MjEIcMcOVxUn8xmXTcQu5IKY1/view?usp=drivesdk,9/22/2018,4/20/2020
FALSE,CineSamples - CineOrch,https://drive.google.com/file/d/1CKNPP7yora9k5OBNWCGEo69DNpJ_RdZ8/view?usp=drivesdk,9/22/2018,4/20/2020
FALSE,Vir2 Instruments - Apollo Cinematic Guitars,https://drive.google.com/file/d/12NnNmBk3Q8Z45Y8yn71rtiufqIXCDOCc/view?usp=drivesdk,9/22/2018,4/20/2020
FALSE,String Audio - Dark Matter 2.0,https://drive.google.com/file/d/1U_Ujk47hPWYaVkanBVonxI66LnuIkJnE/view?usp=drivesdk,9/22/2018,4/20/2020
FALSE,Unlimited Hellest - Cinematica EXP Standard Kit,https://drive.google.com/file/d/1YIIYgXis53MVoTKDHNb2HXi77eUIn2Ie/view?usp=drivesdk,9/22/2018,4/20/2020
FALSE,Zero-G - Outer Limits,https://drive.google.com/file/d/1slx0yujAcnzR26Tx2Xx46UzOWQrwiSMJ/view?usp=drivesdk,9/22/2018,4/20/2020
FALSE,Spitfire Audio - Hg2O,https://drive.google.com/file/d/1-vK9oPIaShH8qdgyjq2nK-fUbiNOXU_x/view?usp=drivesdk,9/22/2018,4/20/2020
FALSE,String Audio - Alchemist Cinematic Textures,https://drive.google.com/file/d/1UA6Zk7qP0Y8B0l02vFwgO2hpzHAbHLUL/view?usp=drivesdk,9/22/2018,4/20/2020
FALSE,String Audio - Alchemist Cinematic Impacts,https://drive.google.com/file/d/1IDYZrw4ybX_QDc0IbG0Y6Nbd-JmKFd2g/view?usp=drivesdk,9/22/2018,4/20/2020
FALSE,Spitfire Audio - RedCola Trailer Giant Vol. 1,https://drive.google.com/file/d/1WuDtLwxyY4bwHP8kJB50R0KPg6IaSiu_/view?usp=drivesdk,9/22/2018,4/20/2020
FALSE,Soundiron - Angklung,https://drive.google.com/file/d/14L0vityF6atPetJAh4yHsxDhC8UKPrjb/view?usp=drivesdk,9/22/2018,4/20/2020
FALSE,Spitfire Audio - Enigma,https://drive.google.com/file/d/1TJ5u-SVMnZRzUYK7dnPqJJZwaYeB2HhY/view?usp=drivesdk,9/22/2018,4/20/2020
FALSE,Spitfire Audio - Olafur Arnalds Evolutions,https://drive.google.com/file/d/1BkO2th2WbmAbPPsHXiAKfJ0zFipzwd8r/view?usp=drivesdk,9/22/2018,4/20/2020
FALSE,Spitfire Audio - Enigma 2 The Rapture,https://drive.google.com/file/d/1HEDPslRwnTOUHDIlYwiWt437ok6SykUu/view?usp=drivesdk,9/22/2018,4/20/2020
FALSE,Spitfire Audio - Olafur Arnalds Composer Toolkit,https://drive.google.com/file/d/1x52y9ovdL2wZ3mkCe3V68diYevZ_Nds3/view?usp=drivesdk,9/22/2018,4/20/2020
FALSE,Spitfire Audio - Chrysalis,https://drive.google.com/file/d/1ETph0s0WUA8a08sg1lGzssfMszw4Fwh3/view?usp=drivesdk,9/22/2018,4/20/2020
FALSE,Output Sounds - REV v1.2,https://drive.google.com/file/d/126hANW2x8kkKI1qCYpgTEsmBu4tl_Ltf/view?usp=drivesdk,9/22/2018,4/20/2020
FALSE,Soundiron - Ambius 2 Systematik,https://drive.google.com/file/d/1jXcwwqgqZuSOs7NAs-qChDHQxYTEBkaq/view?usp=drivesdk,9/22/2018,4/20/2020
FALSE,Soundiron - Ambius 1 Transmissions,https://drive.google.com/file/d/134b5-vQ0n7uq0vpB4MPAdTILY4d8IJhG/view?usp=drivesdk,9/22/2018,4/20/2020
FALSE,SoundBrewer - Ambience 2 Digital Darkness,https://drive.google.com/file/d/10_dML67gwXp5vjYc0OO3GgXOMcBQp81c/view?usp=drivesdk,9/22/2018,4/20/2020
FALSE,Sonokinetic - Project Infinity,https://drive.google.com/file/d/1swQenwHdZpANx3TxnyunMCU6yGE3cnxj/view?usp=drivesdk,9/22/2018,4/20/2020
FALSE,Native Instruments - Thrill,https://drive.google.com/file/d/109R02qcVQLJGcMPNjwBM6tLC1r1ylH-K/view?usp=drivesdk,9/22/2018,4/20/2020
FALSE,SonicCouture - Geosonics,https://drive.google.com/file/d/1_fCbFCBPodZhe4GWxxOM9ytWaz71k2qo/view?usp=drivesdk,9/22/2018,4/20/2020
FALSE,Samplephonics - Variety 005 Vintage Filmscapes,https://drive.google.com/file/d/1Pn3uPqQVVNHSD6SIUzm0XDFyApef23Hz/view?usp=drivesdk,9/22/2018,4/20/2020
FALSE,Samplephonics - Granular Structures,https://drive.google.com/file/d/1xml7gLEhN4fn3qnQyPMgSddP7IOldWQB/view?usp=drivesdk,9/22/2018,4/20/2020
FALSE,Industrial Strength Records - Atmosfear,https://drive.google.com/file/d/1FBeX5ipbRQ8IZ3wRHpSl-JqQimlCNZpG/view?usp=drivesdk,9/22/2018,4/20/2020
FALSE,Native Instruments - Rise And Hit,https://drive.google.com/file/d/1cC2o63Vtzj9l9brd6tfcboI06rgYXaa0/view?usp=drivesdk,9/22/2018,4/20/2020
FALSE,Puremagnetik - Bodhisphere,https://drive.google.com/file/d/13BfOunl72qX_2ox85IKYm3Lfm5xPvpnR/view?usp=drivesdk,9/22/2018,4/20/2020
FALSE,Loopmasters - Vintage Movie FX,https://drive.google.com/file/d/14c0lMQj4_yOF_bxx0uU_atdzrBTscsHY/view?usp=drivesdk,9/22/2018,4/20/2020
FALSE,Puremagnetik - Grainscapes,https://drive.google.com/file/d/1CfM_UOfMlPWcxD-tdzcEmiCxA0stCsIu/view?usp=drivesdk,9/22/2018,4/20/2020
FALSE,Hollywood Loops - Octane Cinematic Industrial Rock Library,https://drive.google.com/file/d/1rV5qbpa7E6zMlN-5HRzLjuhl8o4ZNzuP/view?usp=drivesdk,9/22/2018,4/20/2020
FALSE,Precisionsound - Exosphere,https://drive.google.com/file/d/1M4Ug0UK_0pO6hmyAvTMv0eN2OxdTES-C/view?usp=drivesdk,9/22/2018,4/20/2020
FALSE,Precisionsound - Exosphere,https://drive.google.com/file/d/1bJ3xMf4U535X5f1RSuRnm7hguT25_MsX/view?usp=drivesdk,9/22/2018,4/20/2020
FALSE,Loopmasters - Dark Textures,https://drive.google.com/file/d/1p2ZiLSqsOF5b3YKupvabFfZtcBROlos8/view?usp=drivesdk,9/22/2018,4/20/2020
FALSE,Big Fish Audio - Eclipse Ambient Guitars,https://drive.google.com/file/d/1NVabkbzjq29nBI7LB3zGU4C68nhBOZV8/view?usp=drivesdk,9/22/2018,4/20/2020
FALSE,Hollywood Loops - Eerie Cinema,https://drive.google.com/file/d/1lb2R91xeV2TeyCPhOU_My4h08B8JtpEc/view?usp=drivesdk,9/22/2018,4/20/2020
FALSE,Hollow Sun - Nebulae II,https://drive.google.com/file/d/1xr6vStRk3sSmMAEx0XLsjZ-G-iEXUo1e/view?usp=drivesdk,9/22/2018,4/20/2020
FALSE,Big Fish Audio - Illusion,https://drive.google.com/file/d/1F5NegG8Ur4q4Xkgpbwq5Zxpd5-G3wr3d/view?usp=drivesdk,9/22/2018,4/20/2020
FALSE,Hideaway Studio - Zero-1 Synth,https://drive.google.com/file/d/1wahUXMxG1aPanALrMoGn4HkkXcg8Siqv/view?usp=drivesdk,9/22/2018,4/20/2020
FALSE,Cinematique Instruments - Specimenphone,https://drive.google.com/file/d/14askZRU633RD8GcTzKvxaDRbF5nI6px_/view?usp=drivesdk,9/22/2018,4/20/2020
FALSE,Herbertos - Dreamland,https://drive.google.com/file/d/1M-MbV0aIP8aai2EmgpAxAiXcpjs4n3yK/view?usp=drivesdk,9/22/2018,4/20/2020
FALSE,Big Fish Audio - Prometheus,https://drive.google.com/file/d/1izYhq9U1h-9_Rt4_QkB94C9Spp_lvDh3/view?usp=drivesdk,9/22/2018,4/20/2020
FALSE,Brickwall Audio - Deviant Atmospheres ,https://drive.google.com/file/d/1NKHY0hJGENSt7Y4xLOnM_BjHaJ8HBRRE/view?usp=drivesdk,9/22/2018,4/20/2020
FALSE,Big Fish Audio - Darkness Cinematic Sound Design,https://drive.google.com/file/d/1mv7FPALhFBO1-SkCLtgPcIRaczaQNqIX/view?usp=drivesdk,9/22/2018,4/20/2020
FALSE,Strezov Sampling - Aleatoric Modular Series,https://drive.google.com/file/d/1rhBiGsUg_DlMchw9gF1qLgBt7a_G4-FY/view?usp=drivesdk,9/22/2018,4/20/2020
FALSE,Big Fish Audio - Ambient Skyline 2,https://drive.google.com/file/d/15RAHQs2e6I5oih77QkhpNPejvvmc5Ou-/view?usp=drivesdk,9/22/2018,4/20/2020
FALSE,Studiolinkedvst - Hip-Hop Brass,https://drive.google.com/file/d/1Y5w0AAGkUA_odKvkHiIp3k1CQYx_w2dg/view?usp=drivesdk,9/22/2018,4/20/2020
FALSE,Big Fish Audio - Amplified,https://drive.google.com/file/d/1yldHofcWsxv0hfFofjmx9D6Ig0S9j3a7/view?usp=drivesdk,9/22/2018,4/20/2020
FALSE,Best Service - Convolution Space,https://drive.google.com/file/d/1FYd0ey9xF8qiqAeHcwpD5ODPheSWHJ3C/view?usp=drivesdk,9/22/2018,4/20/2020
FALSE,Big Fish Audio - Cinematic Sound Design,https://drive.google.com/file/d/1dW4aXn2D81V4Eh2f3K7zXz7HWm6zQg0U/view?usp=drivesdk,9/22/2018,4/20/2020
FALSE,Impact Soundworks - Django Gypsy Jazz Guitar,https://drive.google.com/file/d/11c8mv2noFPYQb7ntg6RdKQ6QtdpQpXxN/view?usp=drivesdk,9/22/2018,4/20/2020
FALSE,Best Service - Convolution Space UPDATE ONLY,https://drive.google.com/file/d/1Yu0osIuq7JOv8sYkZc-SL0rpqlqtfDzG/view?usp=drivesdk,9/22/2018,4/20/2020
FALSE,Zero-G - Sax Supreme,https://drive.google.com/file/d/1uVqDetgfJwaXuTwNfF985N8i5gOmKUAt/view?usp=drivesdk,9/22/2018,4/20/2020
FALSE,AudioThing - Environments - Temple of Mercury,https://drive.google.com/file/d/1C9k4o8koFaZq8pFLariU5RLpqEEm8Rpb/view?usp=drivesdk,9/22/2018,4/20/2020
FALSE,AudioThing - SoundScapes Vol.1,https://drive.google.com/file/d/1EU1rZEPTz1UrNfwznVhKN7AqINpDwOye/view?usp=drivesdk,9/22/2018,4/20/2020
FALSE,Vir2 Instruments Mojo Horn Section,https://drive.google.com/file/d/1JZ-mIfxb0UPXRxPhAosClye1yBqRbItK/view?usp=drivesdk,9/22/2018,4/20/2020
FALSE,AudioThing - Milkshake,https://drive.google.com/file/d/1W9URsJzxnm9ULl-EuvlX-5aoIrf11TjV/view?usp=drivesdk,9/22/2018,4/20/2020
FALSE,Westgate Studios - French Horns,https://drive.google.com/file/d/1e8pykoZcYXTsoBMYP_IWXlBkBEaJ9M6A/view?usp=drivesdk,9/22/2018,4/20/2020
FALSE,Wavesfactory - W-Flugelhorn,https://drive.google.com/file/d/1yldHx4T9CG4aFrbO9yxSrAEjgP5vvVQB/view?usp=drivesdk,9/22/2018,4/20/2020
FALSE,Spitfire Audio - BML Low Brass,https://drive.google.com/file/d/11hsSuetw9mRuZBvw4yRhYRIb_1uAEIJ4/view?usp=drivesdk,9/22/2018,4/20/2020
FALSE,Spitfire Audio - BML Horn Section Vol.1,https://drive.google.com/file/d/1GW7cvMa-b2Imj2TziZRGT9kWPjLeZdBA/view?usp=drivesdk,9/22/2018,4/20/2020
FALSE,Sample Modeling - The Trombone 3.0,https://drive.google.com/file/d/1QmNB_uaEnLdA06aFkGWzwksWd9YU67he/view?usp=drivesdk,9/22/2018,4/20/2020
FALSE,Spitfire Audio - BML BONES Vol.1,https://drive.google.com/file/d/1XNDIH4ALZ5a1iyqVNdNLZDhKDABc6Wke/view?usp=drivesdk,9/22/2018,4/20/2020
FALSE,Sample Modeling - The Trombone,https://drive.google.com/file/d/1gjK1SQhiOFOi3_lwH7vRK_ZIXlj8mkev/view?usp=drivesdk,9/22/2018,4/20/2020
FALSE,Sample Modeling - The Trumpet 1.01,https://drive.google.com/file/d/1sSK-TBtzG692MSD_4SczV9GANcfMi1Ib/view?usp=drivesdk,9/22/2018,4/20/2020
FALSE,Sample Modeling - The Trumpet 3.0,https://drive.google.com/file/d/1y_VmTfHKsE-SimLhFhfl4EoD5dWq3fPZ/view?usp=drivesdk,9/22/2018,4/20/2020
FALSE,Sample Modeling - The Sax Brothers 1.51,https://drive.google.com/file/d/1b6JxnAZcoFkzGblO6iXWmPrv5JUK_3D6/view?usp=drivesdk,9/22/2018,4/20/2020
FALSE,Sample Modeling - French Horn _ Tuba 1.0,https://drive.google.com/file/d/1i52QGIKAL32PztE6gdCjHDIhueGutLI8/view?usp=drivesdk,9/22/2018,4/20/2020
FALSE,Sample Modeling - French Horn _ Tuba 3.0,https://drive.google.com/file/d/1zb_4mu46O2u2c2wKFnpkkgnf7b-Nfr1S/view?usp=drivesdk,9/22/2018,4/20/2020
FALSE,ProjectSam - Orchestral Brass Classic,https://drive.google.com/file/d/1bG2G_aZR-kNGT_e40lJvgk6l0kKLzM4X/view?usp=drivesdk,9/22/2018,4/20/2020
FALSE,ProjectSAM - Orchestral Brass Classic 1.2 Update,https://drive.google.com/file/d/1eEoa2Ve4xi9CxHc-RejBAdhOaMBT2tyb/view?usp=drivesdk,9/22/2018,4/20/2020
FALSE,Musical Sampling - Trailer Brass,https://drive.google.com/file/d/1tho743KtGp-aY8lQvTIH1HMPAvuXtvGy/view?usp=drivesdk,9/22/2018,4/20/2020
FALSE,Impact Soundworks - Bravura Scoring Brass Complete,https://drive.google.com/file/d/1CxQfIlKx34-pBlJECCxgnO_v_taBsETk/view?usp=drivesdk,9/22/2018,4/20/2020
FALSE,Native Instruments - Brass Ensemble (Symphony Series),https://drive.google.com/file/d/1O_x1S2-Rk0LEOmn-vB_3DdT5EGRCwOi8/view?usp=drivesdk,9/22/2018,4/20/2020
FALSE,Impact Soundworks - Shreddage 2 IBZ,https://drive.google.com/file/d/1wy5sCmQgbqXDS9zL8RVLIKH6BCEEmYiU/view?usp=drivesdk,9/22/2018,4/20/2020
FALSE,Native Instruments - Brass Solo (Symphony Series),https://drive.google.com/file/d/1r5VaiyrAxZJec9jBwOebqYBSFyukjJUu/view?usp=drivesdk,9/22/2018,4/20/2020
FALSE,Musical Sampling - Adventure Brass,https://drive.google.com/file/d/15XmtpHehhMH2fg5WuxFZUWeuhXS4hRpn/view?usp=drivesdk,9/22/2018,4/20/2020
FALSE,Kirk Hunter Studios - Diamond Symphony Orchestra - Brass,https://drive.google.com/file/d/1HFaI6zHqqpo4moMeNZJvG3CcTNi0HyrL/view?usp=drivesdk,9/22/2018,4/20/2020
FALSE,Kids Band - Toy Trumpet,https://drive.google.com/file/d/1TXgdnTsmFFN877V8Cc7RC77Ilv9xNjD3/view?usp=drivesdk,9/22/2018,4/20/2020
FALSE,Auddict - Octohorn,https://drive.google.com/file/d/1dFBMpNeaq9pO4-5_oCv7p3KJCsh2exWP/view?usp=drivesdk,9/22/2018,4/20/2020
FALSE,Impact Soundworks - Mega Brass,https://drive.google.com/file/d/1-rXWjiDKKaInnz31YtQmZSUXQ1ovqWI7/view?usp=drivesdk,9/22/2018,4/20/2020
FALSE,Impact Soundworks - Straight Ahead Jazz Horns,https://drive.google.com/file/d/1491rC_uxkZfdcXaEmi0A4AmWze4oEqQc/view?usp=drivesdk,9/22/2018,4/20/2020
FALSE,Garritan - Jazz and Big Band,https://drive.google.com/file/d/1x6Aotm2TJyvylIBoeA8Nkw6trIuF6sX-/view?usp=drivesdk,9/22/2018,4/20/2020
FALSE,Fable Sounds - Broadway Big Band,https://drive.google.com/file/d/11h6-jLS_BXYMxgxMlFha0exsrBcrGHDN/view?usp=drivesdk,9/22/2018,4/20/2020
FALSE,Embertone - Chapman Trumpet,https://drive.google.com/file/d/1BPvj52IIUh_QPjKGxkIuK4bpwv6sB7_T/view?usp=drivesdk,9/22/2018,4/20/2020
FALSE,Auddict - Master Brass Trumpets v1.1,https://drive.google.com/file/d/1CYfkM607hzVA6JpkDM435ufvWuYO2N3c/view?usp=drivesdk,9/22/2018,4/20/2020
FALSE,Embertone - Mouth Trumpet,https://drive.google.com/file/d/1NUOs1Se7_AHAhTn_pO1UntHYawUxsTYA/view?usp=drivesdk,9/22/2018,4/20/2020
FALSE,Cinesamples - Cinebrass,https://drive.google.com/file/d/1p0874et_cpiQ0tVrOOPbd_ERmf_jc3iu/view?usp=drivesdk,9/22/2018,4/20/2020
FALSE,Auddict - Master Brass Tubas v1.1,https://drive.google.com/file/d/11TmOMdv_sRfqUqWsC_JX16voWySJ8sbd/view?usp=drivesdk,9/22/2018,4/20/2020
FALSE,Cinesamples - CineBrass Twelve Horn Ensemble,https://drive.google.com/file/d/1EuXSTeTGScZNiNAAky6oy5LDFZgbQMzl/view?usp=drivesdk,9/22/2018,4/20/2020
FALSE,Spitfire Audio - PP005 Inder Goldfinger Percussionist Part 2,https://drive.google.com/file/d/10tOewWX-rmWQrAsbDAlx7xE6bZHGk8ad/view?usp=drivesdk,9/22/2018,4/20/2020
FALSE,Cinesamples - CineBrass Pro,https://drive.google.com/file/d/1B6xHR2JWeRQuhqxs2fIedNkKFmMcBU4H/view?usp=drivesdk,9/22/2018,4/20/2020
FALSE,Cinesamples - CineBrass PRO Expansion,https://drive.google.com/file/d/1Qx6Fwo-ZCUgA05tj7dxRcknrZy58OMHT/view?usp=drivesdk,9/22/2018,4/20/2020
FALSE,Cinesamples - CineBrass Descant Horn,https://drive.google.com/file/d/1mbMRkd7OMk_y_fhC-K2WLv44DWHNChg2/view?usp=drivesdk,9/22/2018,4/20/2020
FALSE,Cinesamples - CineBrass Core v1.6 UPDATE,https://drive.google.com/file/d/1vGajtX4s2BJ8ABoitEdZVTDayKcRYSw8/view?usp=drivesdk,9/22/2018,4/20/2020
FALSE,Cinesamples - CineBrass Core,https://drive.google.com/file/d/1wA7wGNQrwheCXJDSBTNaqSnoMCF08SiW/view?usp=drivesdk,9/22/2018,4/20/2020
FALSE,Big Fish Audio - First Call Horns,https://drive.google.com/file/d/1NkLHvgyul33co3vq48iqNI-HefEwuuZm/view?usp=drivesdk,9/22/2018,4/20/2020
FALSE,Auddict - Master Brass Trombones,https://drive.google.com/file/d/1H9LueBX7A_hnvXPocctfCC0rMb1ELcXV/view?usp=drivesdk,9/22/2018,4/20/2020
FALSE,Soundiron - Voice of Rapture The Tenor Part 1,https://drive.google.com/file/d/1khqzICWFtZxILDKGs99ZW5uTSsIrh3df/view?usp=drivesdk,9/22/2018,4/20/2020
FALSE,Strezov Sampling - WOTAN Male Choir v1.1,https://drive.google.com/file/d/1O4mrc1Bn76jpHIyHihoYbJiJCpG-qR5r/view?usp=drivesdk,9/22/2018,4/20/2020
FALSE,8Dio - CAGE Brass,https://drive.google.com/file/d/11NsK-E-AVUf1LkbyNaM1M0DSVINRr1GX/view?usp=drivesdk,9/22/2018,4/20/2020
FALSE,Soundiron - Voice of Rapture The Tenor Part 2,https://drive.google.com/file/d/15AlaKlJSGBBpNyg0L0x7PEAshlnPKbrz/view?usp=drivesdk,9/22/2018,4/20/2020
FALSE,Spitfire Audio - PP005 Inder Goldfinger Percussionist Part 1,https://drive.google.com/file/d/1EBCsyzTuO38B9B5Sd9-vMh7n6_KCyZKP/view?usp=drivesdk,9/22/2018,4/20/2020
FALSE,8Dio - CAGE Brass (Darren VanBuren_s conflicted copy 2017-06-06),https://drive.google.com/file/d/1s7ot9dTcAR8c4iAqOYo6eaStWP3jseTQ/view?usp=drivesdk,9/22/2018,4/20/2020
FALSE,Strezov Sampling - Storm Choir 1,https://drive.google.com/file/d/1n4e41T3WAk2XM7eKtyFNjjiyji2Ay27Z/view?usp=drivesdk,9/22/2018,4/20/2020
FALSE,Strezov Sampling - Storm Choir 2,https://drive.google.com/file/d/1qUpwb2iGxT8x35Y21TfjuIs4IYau_skU/view?usp=drivesdk,9/22/2018,4/20/2020
FALSE,Soundiron - Voices of Rapture,https://drive.google.com/file/d/1NzR3yBPaO5tPGfzmNWcPqXNJ-7gHmVL9/view?usp=drivesdk,9/22/2018,4/20/2020
FALSE,Strezov Sampling - Tropar,https://drive.google.com/file/d/1uzUNjN4-ZcvcsjoL8jvTR2pkh1HtpQQg/view?usp=drivesdk,9/22/2018,4/20/2020
FALSE,8Dio - Liberis v2.0,https://drive.google.com/file/d/1sxUrOSjjMlS2U_1FnvdwN2rylZpecEvZ/view?usp=drivesdk,9/22/2018,4/20/2020
FALSE,Orchestral Tools - Berlin Percussion,https://drive.google.com/file/d/1BhwDrNMa7tB2GRSUd2vB0csI4CdFKl0-/view?usp=drivesdk,9/22/2018,4/20/2020
FALSE,Soundiron - Voice of Rapture The Soprano,https://drive.google.com/file/d/1wcw15mdNprNiY1E5Fsj4oGr5oR9bc8HH/view?usp=drivesdk,9/22/2018,4/20/2020
FALSE,8Diо _ Sоundirоn - Choirs Bundle,https://drive.google.com/file/d/1HQXyygkPnhBTpsLlLU-qcnBub2oulwLJ/view?usp=drivesdk,9/22/2018,4/20/2020
FALSE,Soundiron - Requiem Light 3.0,https://drive.google.com/file/d/154DEcOGd92tajYf7om4B5TmkNFnmbB42/view?usp=drivesdk,9/22/2018,4/20/2020
FALSE,Soundiron - Venus Symphonic Women_s Choir,https://drive.google.com/file/d/176JTyOX6tG3r19efPUmtvaPeWh-2Shoc/view?usp=drivesdk,9/22/2018,4/20/2020
FALSE,Soundiron - Requiem Light,https://drive.google.com/file/d/1qQ8hSc026obRMEfpmqFYd9JA1GWlUZjB/view?usp=drivesdk,9/22/2018,4/20/2020
FALSE,Soundiron - Olympus Elements,https://drive.google.com/file/d/17WW3LvpVHhvBlFPlzMthaxZ3q2NBOxrs/view?usp=drivesdk,9/22/2018,4/20/2020
FALSE,Soundiron - Mercury Boys Choir,https://drive.google.com/file/d/1HexZX0M93t9REf83nidDq4wcuZbKPEUk/view?usp=drivesdk,9/22/2018,4/20/2020
FALSE,Soundiron - Questionably Barbershop,https://drive.google.com/file/d/1iouggHUl6rBewtMKuKkhq9XXZ9qPVP3B/view?usp=drivesdk,9/22/2018,4/20/2020
FALSE,Soundiron - Olympus Micro Choir 2.0,https://drive.google.com/file/d/1x54tK17oI1fNkntHXhQyQf4olhFBCrtH/view?usp=drivesdk,9/22/2018,4/20/2020
FALSE,Soundiron - Mars Symphonic Men_s Choir,https://drive.google.com/file/d/1R9tcqBZCqWGg5hH1EnV8t5S99jfak8Hj/view?usp=drivesdk,9/22/2018,4/20/2020
FALSE,Sonokinetic - Tutti Vox,https://drive.google.com/file/d/1hVcFfGnC059_3liDP_wFLJ_FydoRTqB1/view?usp=drivesdk,9/22/2018,4/20/2020
FALSE,East West Quantum Leap - Symphonic Choirs,https://drive.google.com/file/d/1RKBePLlf49UX5GLW9PuRFJYPUuqQqkIn/view?usp=drivesdk,9/22/2018,4/20/2020
FALSE,SonicCouture - Crowd Choir,https://drive.google.com/file/d/1Mvd6ilakBhjilAsD-bkJG-2jUVtu1NH9/view?usp=drivesdk,9/22/2018,4/20/2020
FALSE,Hollow Sun - INIL Choir,https://drive.google.com/file/d/1fFN_c8yIBzUvn6al-VOH1TE0qogJplLU/view?usp=drivesdk,9/22/2018,4/20/2020
FALSE,Auddict - Celestial Voices Ceres,https://drive.google.com/file/d/1op7orywJ-uOSppHGys79nF-BI9iUs-nJ/view?usp=drivesdk,9/22/2018,4/20/2020
FALSE,Cinesamples - Voxos,https://drive.google.com/file/d/1xqu8jmis3gxvWiyLe7BWojkNKVjplg5n/view?usp=drivesdk,9/22/2018,4/20/2020
FALSE,East West Quantum Leap - Symphonic Choirs [Repack],https://drive.google.com/file/d/1YohAKfMinhCtyyxAdxBamDBF0aCVGZ7-/view?usp=drivesdk,9/22/2018,4/20/2020
FALSE,Cinesamples - Voxos 2,https://drive.google.com/file/d/1uTzzay6R3XlrkiUGQyo-gpRRN2zDA8Hd/view?usp=drivesdk,9/22/2018,4/20/2020
FALSE,East West Quantum Leap - Voices of Apocalypse,https://drive.google.com/file/d/1z7lR2poCF1qXMNyxM3AciB4fSHs64Vx5/view?usp=drivesdk,9/22/2018,4/20/2020
FALSE,Big Fish Audio - Modern Gospel Hits,https://drive.google.com/file/d/1VSiMsvXeYWNJe5BAqlk96SzhmbkIfmN3/view?usp=drivesdk,9/22/2018,4/20/2020
FALSE,Impact Soundworks - Rhapsody Orchestral Percussion (24bit),https://drive.google.com/file/d/1RlzqJqwEh5lr3v_oeHVt_L0bR461ghff/view?usp=drivesdk,9/22/2018,4/20/2020
FALSE,Big Fish Audio - Steel and Wood Songwriter Acoustic Sessions,https://drive.google.com/file/d/1wu3MiCZik1y3ZRjMSQgPaunSvDFOUTyR/view?usp=drivesdk,9/22/2018,4/20/2020
FALSE,Big Fish Audio - Switch,https://drive.google.com/file/d/1qMcVvwRUB4KGiyguLXUebqmbh1xEPsDX/view?usp=drivesdk,9/22/2018,4/20/2020
FALSE,Big Fish Audio - Pure Rock Hits 2,https://drive.google.com/file/d/1wqWe-9KjuzrbENs2IROOF1yvzDwcYPt5/view?usp=drivesdk,9/22/2018,4/20/2020
FALSE,Big Fish Audio - Suspense Cinematic Percussion and Soundbeds,https://drive.google.com/file/d/1yga4yHRg_oVsg-63yabwOHcRE0H4_hid/view?usp=drivesdk,9/22/2018,4/20/2020
FALSE,Big Fish Audio - Shout,https://drive.google.com/file/d/1FF-qzJ-G7uZahQctYeEZjrQZycIPF0yN/view?usp=drivesdk,9/22/2018,4/20/2020
FALSE,Big Fish Audio - Synthetic,https://drive.google.com/file/d/16bzHHe8goDF3pZzQLYRN4zoTGEkAllTq/view?usp=drivesdk,9/22/2018,4/20/2020
FALSE,8Dio - Acoustic Grand Ensembles Vol. 1,https://drive.google.com/file/d/1wKfpdUFQIytQ4NMXRR9Ki8oszN7dO536/view?usp=drivesdk,9/22/2018,4/20/2020
FALSE,Big Fish Audio - YNK Audio Body Language,https://drive.google.com/file/d/1RvZNbTVK-5a1kadrnZJN-GhCXEw9T7lS/view?usp=drivesdk,9/22/2018,4/20/2020
FALSE,Big Fish Audio - The Rock Collective,https://drive.google.com/file/d/1E4NgkAEdWuHGZUdIR8nJP_o1umCEl2Hd/view?usp=drivesdk,9/22/2018,4/20/2020
FALSE,Big Fish Audio - Mayhem Dirty Dubstep,https://drive.google.com/file/d/1urbzDlhwVqzQ8WRGGR32BHjdZygrp7ZO/view?usp=drivesdk,9/22/2018,4/20/2020
FALSE,Big Fish Audio - Echo,https://drive.google.com/file/d/1pKYAObrNhS-rbnyHS0oQ8dK3-Ku0-YQB/view?usp=drivesdk,9/22/2018,4/20/2020
FALSE,Samplephonics - Samplephonics 808,https://drive.google.com/file/d/1oJAE98rzgr1GOdZNjBKzfh3qlSP7hm_t/view?usp=drivesdk,9/22/2018,4/20/2020
FALSE,Big Fish Audio - Goth,https://drive.google.com/file/d/17H2t_oG8sttA-ambJnLNQt00c5Ezhj-7/view?usp=drivesdk,9/22/2018,4/20/2020
FALSE,Big Fish Audio - Gypsy Cafe,https://drive.google.com/file/d/1FIg9JQSeXbZwv2mhFlYc-3sbKFE-Hf58/view?usp=drivesdk,9/22/2018,4/20/2020
FALSE,8Dio - CAGE Strings,https://drive.google.com/file/d/1OjAkOutVHILLOq8TFhxBLVF94tlZm07p/view?usp=drivesdk,9/22/2018,4/20/2020
FALSE,Big Fish Audio - Country Folk,https://drive.google.com/file/d/1w55LXRibvH4z1iqdEy8ppLve914hNz-y/view?usp=drivesdk,9/22/2018,4/20/2020
FALSE,Big Fish Audio - Americana Songwriter,https://drive.google.com/file/d/1zTq2tWO7_kpMXs99hWRRrlNpoDhlM1ei/view?usp=drivesdk,9/22/2018,4/20/2020
FALSE,SonicCouture - The Attic,https://drive.google.com/file/d/1QQuAodZNTr1E1gVGjw72H4axuRHObHYo/view?usp=drivesdk,9/22/2018,4/20/2020
FALSE,Big Fish Audio - Colours,https://drive.google.com/file/d/1MSafy9nfc_Oupc4uRdh2TZsVKvNEG6ja/view?usp=drivesdk,9/22/2018,4/20/2020
FALSE,Soniccouture - Konkrete 2,https://drive.google.com/file/d/1VsclIeQ17WMyMb0IX-9-PHqS-mxk0ukD/view?usp=drivesdk,9/22/2018,4/20/2020
FALSE,Synth Magic - Digital Love Child,https://drive.google.com/file/d/1g3DhaZLX3NX0Jfaf_Gm22n0XcBXWe5SQ/view?usp=drivesdk,9/22/2018,4/20/2020
FALSE,Big Fish Audio - Cinematic Motion,https://drive.google.com/file/d/1NYFtE5E88TI5ciah6SjZ8QsM40mrX5Bj/view?usp=drivesdk,9/22/2018,4/20/2020
FALSE,Auddict - Master Solo Woodwinds Oboe,https://drive.google.com/file/d/1WFxUyJljr-J8VIPYdQtGcWNO6U37tc9X/view?usp=drivesdk,9/22/2018,4/20/2020
FALSE,Soniccouture - Konkrete 3,https://drive.google.com/file/d/11-Y8RKpJS8Iv5BY0JaiQ3GJDh0Q5q0Nr/view?usp=drivesdk,9/22/2018,4/20/2020
FALSE,Precisionsound - Sonic Laboratory,https://drive.google.com/file/d/1LgrfP4Y1QVBIpo3_hb-cpJuMRddBZ8Bh/view?usp=drivesdk,9/22/2018,4/20/2020
FALSE,SonicCouture - Tape Choir,https://drive.google.com/file/d/1cnIukUpOdwsBKmgP04bYVsmRpiHmn4gW/view?usp=drivesdk,9/22/2018,4/20/2020
FALSE,Spitfire Audio - Analogue Foundry Pylons,https://drive.google.com/file/d/13ttYrlqEEX75D4iwkyM6dYGip78GyoGS/view?usp=drivesdk,9/22/2018,4/20/2020
FALSE,SoulViaSound - SKRUM DRUM,https://drive.google.com/file/d/17yAmWkNyv5K7NTiWIofWhU_MYT0SzIzl/view?usp=drivesdk,9/22/2018,4/20/2020
FALSE,Soundiron - Lo,https://drive.google.com/file/d/1fzhhrGfqSHDdRWjhkPyI74h3v3BBcSJD/view?usp=drivesdk,9/22/2018,4/20/2020
FALSE,Impact Soundworks - Celestia,https://drive.google.com/file/d/1k7BIkxhC2YWoFFLY9EadN09WOHz37jB0/view?usp=drivesdk,9/22/2018,4/20/2020
FALSE,KeepForest - Evolution Dragon,https://drive.google.com/file/d/15eMpMLA8gID8kWlwD-72oVvet-tO4ys4/view?usp=drivesdk,9/22/2018,4/20/2020
FALSE,KeepForest - Evolution Atlantica,https://drive.google.com/file/d/1p6dBbwMgl6o6tU-HlQXw4rP2u3xUkRjJ/view?usp=drivesdk,9/22/2018,4/20/2020
FALSE,Binary Music - Valve 4 Op,https://drive.google.com/file/d/1uZ95au5yOBFjvnKxUIouFK1-PUJwJnQp/view?usp=drivesdk,9/22/2018,4/20/2020
FALSE,Hollow Sun - You Know 6,https://drive.google.com/file/d/1Dbd-g54yyRMOWWh4o7ntwkxNzRG2Xucs/view?usp=drivesdk,9/22/2018,4/20/2020
FALSE,Best Service - Nitron,https://drive.google.com/file/d/1ORiZgDTEqFx4eeu3J7gF_PzKls1Kop4x/view?usp=drivesdk,9/22/2018,4/20/2020
FALSE,Brickwall Audio - Syklix,https://drive.google.com/file/d/1Gl6APbzs1NPlxNC4J9rtiWlT3zQDcffc/view?usp=drivesdk,9/22/2018,4/20/2020
FALSE,Audio Imperia - Event Horizon Vol. 1,https://drive.google.com/file/d/1KP-agVFLHa-vv-r2ROYkDLBQHkdUtRsB/view?usp=drivesdk,9/22/2018,4/20/2020
FALSE,Brickwall Audio - Advanced Distortion,https://drive.google.com/file/d/1KSAJZlp6Qv-k5TVH3NCSlZEN1T5n4auI/view?usp=drivesdk,9/22/2018,4/20/2020
FALSE,Brickwall Audio - Deviant States,https://drive.google.com/file/d/1S8-mqovq7y-m1QNKbnwGSkAm_6nePJdc/view?usp=drivesdk,9/22/2018,4/20/2020
FALSE,Impact Soundworks - KORON Traditional Instruments of Iran,https://drive.google.com/file/d/1Ap61VRwOAiHlZipD1MqO93ALB-ZpwybN/view?usp=drivesdk,9/22/2018,4/20/2020
FALSE,Impact Soundworks - Koto Nation,https://drive.google.com/file/d/1GszWy4vKpB7bRZEHfHztIr267ZN9l1CC/view?usp=drivesdk,9/22/2018,4/20/2020
FALSE,Soundiron - Street Erhu,https://drive.google.com/file/d/17iAWvFMOHHcM8-UWL3ofRt6AunqMg7AX/view?usp=drivesdk,9/22/2018,4/20/2020
FALSE,"SONiVOX - Silk Road Middle Eastern Instruments (Kontakt, nki, wav)",https://drive.google.com/file/d/1wv8fOQ6MZx5zNDn3Se4P7AR4S9qNtprP/view?usp=drivesdk,9/22/2018,4/20/2020
FALSE,SonicCouture - Wassalou Balafon,https://drive.google.com/file/d/18rBIE_8vyX_dYgGEiz-kAzsbBx7EvDtP/view?usp=drivesdk,9/22/2018,4/20/2020
FALSE,Impact Soundworks - Plectra Series 1 - 8 String Acoustic Bouzouki 1.1,https://drive.google.com/file/d/1aO3_EeKYZ-n8iiwnjhiuQdtFJuTch4FZ/view?usp=drivesdk,9/22/2018,4/20/2020
FALSE,Native Instruments - Discovery Series West Africa,https://drive.google.com/file/d/14OFQqOcPlqh2nSMhqzdabUsGddWMcIAb/view?usp=drivesdk,9/22/2018,4/20/2020
FALSE,Native Instruments - Discovery Series West Africa v1.3,https://drive.google.com/file/d/1Rw7B2d6fV3e8AAAiGQQ7D6V-JFQUkFiA/view?usp=drivesdk,9/22/2018,4/20/2020
FALSE,Native Instruments - Discovery Series Balinese Gamelan,https://drive.google.com/file/d/1SivXiO9S3TTZ5L9ivb1efSFIuFa9XbIv/view?usp=drivesdk,9/22/2018,4/20/2020
FALSE,realsamples - Edition MIM Lutheal Piano Grand Piano,https://drive.google.com/file/d/1gswZyOEas2_qRwEjJmCh3nfae4rAmcTD/view?usp=drivesdk,9/22/2018,4/20/2020
FALSE,Impact Soundworks - Sitar Nation,https://drive.google.com/file/d/1qfPYDKnrjiNKfto5jtf32Y07AtwNaufs/view?usp=drivesdk,9/22/2018,4/20/2020
FALSE,realsamples - Edition MIM Lutheal Piano Harp Tiree Stop,https://drive.google.com/file/d/1TNz3b1CzENHUxINFdL7CTw4verL1Z1CN/view?usp=drivesdk,9/22/2018,4/20/2020
FALSE,Impact Soundworks - Plectra Series 3 - Kazakh Dombra,https://drive.google.com/file/d/1w5KJJWhP-RlO22Qo90oQXoG0Qf0d3pVC/view?usp=drivesdk,9/22/2018,4/20/2020
FALSE,realsamples - Edition MIM Lutheal Piano - Cimbalom,https://drive.google.com/file/d/1J1TF1pvcZ5dxeWnsyTtQuB746YEXdJh5/view?usp=drivesdk,9/22/2018,4/20/2020
FALSE,8Dio - Bulbul Tarang,https://drive.google.com/file/d/18xKXe11NvHzAyBkwNTL3kZwSz_oV6OTq/view?usp=drivesdk,9/22/2018,4/20/2020
FALSE,Realsamples Harpsichord,https://drive.google.com/file/d/1XHL5Y04LYXJNFY0nhrzrs2djYebyCP_p/view?usp=drivesdk,9/22/2018,4/20/2020
FALSE,East West Quantum Leap - Rare Instruments,https://drive.google.com/file/d/1agCCrDshS5SC3lvxc_A7AxaKJgEHXhzP/view?usp=drivesdk,9/22/2018,4/20/2020
FALSE,8Dio - Majestica,https://drive.google.com/file/d/151_oJSYkd8I42a9RHaHc3G15fhGeFoFm/view?usp=drivesdk,9/22/2018,4/20/2020
FALSE,8Dio - Kokiriko,https://drive.google.com/file/d/15fknplX1X-wcRb-zw1TSDqU9CdeYxGYb/view?usp=drivesdk,9/22/2018,4/20/2020
FALSE,realsamples - Edition Beurmann Orphica Piano,https://drive.google.com/file/d/1e6mJ6EcBHC0QzJrxaFo7t6HuddOhLyGp/view?usp=drivesdk,9/22/2018,4/20/2020
FALSE,realsamples - Edition Beurmann French Harpsichord,https://drive.google.com/file/d/1Hvw8eqqGvxCD8oSUQOw1nQJJnpX3-_pL/view?usp=drivesdk,9/22/2018,4/20/2020
FALSE,SonicCouture - The Conservatoire Collection,https://drive.google.com/file/d/1juuOvF6LGv_kNM-VsCE8HayzV0Yp9kMz/view?usp=drivesdk,9/22/2018,4/20/2020
FALSE,realsamples - Edition Beurmann German Lautenwerck,https://drive.google.com/file/d/1Xo72clnJOZtm3w0v6tGG0bWfS8sOf95Z/view?usp=drivesdk,9/22/2018,4/20/2020
FALSE,realsamples - Edition Beurmann English Spinet,https://drive.google.com/file/d/1S-xj3pwPMUZ0hdNYr4BU7QRkI1ev4nn_/view?usp=drivesdk,9/22/2018,4/20/2020
FALSE,realsamples - Edition Beurmann Italian Harpsichord II,https://drive.google.com/file/d/1k1ZwvhNZbFjOQK-MZvTjxMgRXWy42h7N/view?usp=drivesdk,9/22/2018,4/20/2020
FALSE,Edition Beurmann - Italian Harpsichord III,https://drive.google.com/file/d/13P0smmZd2N0MWDeojnmGkD3fzWOpYzMC/view?usp=drivesdk,9/22/2018,4/20/2020
FALSE,realsamples - Edition Beurmann Dulcitone Celesta,https://drive.google.com/file/d/1Zbr4rswrH_MCjUu1WVNI_P-KPYzVWjmb/view?usp=drivesdk,9/22/2018,4/20/2020
FALSE,realsamples - Edition Beurmann English Harpsichord,https://drive.google.com/file/d/13BmvBRG1w9hphleqm3cD6daLC3wKCV-y/view?usp=drivesdk,9/22/2018,4/20/2020
FALSE,realsamples - Edition Beurmann Early Pianoforte,https://drive.google.com/file/d/1-WM-Yyzg4Q41poGws13QrS0g0HjgodC4/view?usp=drivesdk,9/22/2018,4/20/2020
FALSE,Wavesfactory - Newmello II,https://drive.google.com/file/d/1n2VBT3bUG0n1j9xmcc4dnjdwKNROO54D/view?usp=drivesdk,9/22/2018,4/20/2020
FALSE,realsamples - Edition Beurmann - Dutch Harpsichord,https://drive.google.com/file/d/1Kb4ooB_JdeeTRxr_SihE_8N9rF6-Blgp/view?usp=drivesdk,9/22/2018,4/20/2020
FALSE,Mauro Pacella - Clavicordio Clasico,https://drive.google.com/file/d/1tkKvxa8wJRMqEZXRK-RKRXJxOe7xa6ce/view?usp=drivesdk,9/22/2018,4/20/2020
FALSE,Wavesfactory - Newmello I,https://drive.google.com/file/d/1y-2zk3-jB6LAY6DMB5hGZUHQmvyuz9K7/view?usp=drivesdk,9/22/2018,4/20/2020
FALSE,Spitfire Audio - North 7 Vintage Keys,https://drive.google.com/file/d/1GsHq6_ZjcXKgVCYlhlNQxcEmPJ5ZSwu6/view?usp=drivesdk,9/22/2018,4/20/2020
FALSE,sound DUST - Hammr +,https://drive.google.com/file/d/1WZWi4RMXIKog1dYrxKcG4SqQmFyDEed1/view?usp=drivesdk,9/22/2018,4/20/2020
FALSE,Soniccouture - Philicorda (Philips Philicorda),https://drive.google.com/file/d/1t1p7_l_v8cvbo_DyNjW85E8N8PDMKP6g/view?usp=drivesdk,9/22/2018,4/20/2020
FALSE,Soniccouture - Omnichord (Suzuki Omnichord),https://drive.google.com/file/d/15Ke9mqwZqNQ0_-l--kdOx-HpAuG3gavO/view?usp=drivesdk,9/22/2018,4/20/2020
FALSE,Puremagnetik - Vintage Organs Vol. 2,https://drive.google.com/file/d/1APE1iob3D2afxgpce5GJECknTPnfgjed/view?usp=drivesdk,9/22/2018,4/20/2020
FALSE,SonicCouture - Ondioline,https://drive.google.com/file/d/1f1gAsQagAtm9H2OxeBdscX6elghiX3Pa/view?usp=drivesdk,9/22/2018,4/20/2020
FALSE,SonicCouture - Broken Wurli (Wurlitzer A200),https://drive.google.com/file/d/1qzHS5GTJbSp89mpjMoeCU9MLi7GEjrOX/view?usp=drivesdk,9/22/2018,4/20/2020
FALSE,Sampletekk - Tubed Keys MK I 73 (Fender Rhodes Mark 1),https://drive.google.com/file/d/1rNOxfLSwnYCV1LDxGsynA_3NqJ0FKjgw/view?usp=drivesdk,9/22/2018,4/20/2020
FALSE,SonicCouture - EP73 Deconstructed (Fender Rhodes Mark 1),https://drive.google.com/file/d/1580wjX06VNO31VWyvcC4vWk7uk39WeZL/view?usp=drivesdk,9/22/2018,4/20/2020
FALSE,Native Instruments - Vintage Organs v1.4,https://drive.google.com/file/d/19-eDlS2W6XUMFlvYMQvUy5Ny_BgDVrB5/view?usp=drivesdk,9/22/2018,4/20/2020
FALSE,Native Instruments - Vintage Organs,https://drive.google.com/file/d/1IPxA8Bt1L5kamzKE5B0ySV6i9OkKo7ze/view?usp=drivesdk,9/22/2018,4/20/2020
FALSE,Native Instruments - Vintage Organs 1.1.0 UPDATE ONLY,https://drive.google.com/file/d/1ak-RL5qLn1osHpj3ZknNYJ1EzWyH2C5K/view?usp=drivesdk,9/22/2018,4/20/2020
FALSE,Native Instruments - Scarbee Vintage Keys,https://drive.google.com/file/d/1UeQUyjW8b34GwKuhGGuSOWKZCylaAun8/view?usp=drivesdk,9/22/2018,4/20/2020
FALSE,ILIO - Vintage Time Traveler,https://drive.google.com/file/d/1qHwCpX-ulsjyXfXLdDJ4I-HXzqbsVGky/view?usp=drivesdk,9/22/2018,4/20/2020
FALSE,Native Instruments - Scarbee Mark I,https://drive.google.com/file/d/1zzFAu2ssWbWnxgtD4jwH8mF4hlIAlPGq/view?usp=drivesdk,9/22/2018,4/20/2020
FALSE,Native Instruments - Scarbee Clavinet Pianet,https://drive.google.com/file/d/1NG8L-QQ94ByIgmnFk7WTKGna7WiWWS07/view?usp=drivesdk,9/22/2018,4/20/2020
FALSE,Native instruments - Retro.Machines MK2 v1.3,https://drive.google.com/file/d/1bShDc0nhe5p3vGuSqTlO1I6tkNnIHxsW/view?usp=drivesdk,9/22/2018,4/20/2020
FALSE,Native Instruments - Scarbee A-200,https://drive.google.com/file/d/1bTkDaqGEEzArkyvxLDMU43-WX31pVXcw/view?usp=drivesdk,9/22/2018,4/20/2020
FALSE,Native Instruments - Retro Machines Mk2,https://drive.google.com/file/d/1qT3HlolGfFALd64j1lP5TpO8FHddgTpy/view?usp=drivesdk,9/22/2018,4/20/2020
FALSE,JR Samples - Yamaha S90ES Natural Grand (Yamaha S90ES),https://drive.google.com/file/d/1dO3Xqj62XtC53AxET62vOZ9x_mC2fb1P/view?usp=drivesdk,9/22/2018,4/20/2020
FALSE,Native Instruments - Elektrik Piano,https://drive.google.com/file/d/1vrnp90AJF50Nff3yoAEbuULPNQ0GdqZu/view?usp=drivesdk,9/22/2018,4/20/2020
FALSE,Gospel Musicians - Neo-Soul Suitcase,https://drive.google.com/file/d/1zYTh6XrQ8S-Qg90-baM_xccbKpzomEIz/view?usp=drivesdk,9/22/2018,4/20/2020
FALSE,Soundiron - Lakeside Organ,https://drive.google.com/file/d/1SSv_qgK3N_U4HZlE-P8O6bpbvEc77i0A/view?usp=drivesdk,9/22/2018,4/20/2020
FALSE,Hollow Sun - Soviet Polyvoks,https://drive.google.com/file/d/1mzZfoDxC-Y1dxq6gWSuN5ejeok1Gv705/view?usp=drivesdk,9/22/2018,4/20/2020
FALSE,Hollow Sun - Novachord (Hammond Novachord),https://drive.google.com/file/d/17oAa1srMAb4rPmk4NS4MZUVokWXSer2h/view?usp=drivesdk,9/22/2018,4/20/2020
FALSE,Wavesfactory - 1850 Pipe Organ [Pro Version],https://drive.google.com/file/d/1ttViJOCio6xpFXucYQmVR_xw29Rd3WaI/view?usp=drivesdk,9/22/2018,4/20/2020
FALSE,Sonokinetic - Toccata,https://drive.google.com/file/d/12V0V6ykK1zkY82ju4CT2w_QVzHahdbX6/view?usp=drivesdk,9/22/2018,4/20/2020
FALSE,Gospel Musicians - Neo Soul Keys 3X,https://drive.google.com/file/d/1HTV2tYXUZ_jTsn-YEcESGzq4w-x2M2_q/view?usp=drivesdk,9/22/2018,4/20/2020
FALSE,Spitfire Audio - Union Chapel Organ,https://drive.google.com/file/d/1kTzMUqT4M7oM4we-uxwUh0QNsFsOyz16/view?usp=drivesdk,9/22/2018,4/20/2020
FALSE,Synthogy - Ivory Grand Pianos II,https://drive.google.com/file/d/1FJHevxs1YwSF9VY6caH4NSd-weShxzc8/view?usp=drivesdk,9/22/2018,4/20/2020
FALSE,ProjectSAM - Organ Mystique,https://drive.google.com/file/d/1Hb-q4XZoeMupo0FEw95GhFcwbrw1s2Zr/view?usp=drivesdk,9/22/2018,4/20/2020
FALSE,Sonokinetic - Carousel,https://drive.google.com/file/d/1g88YkUTiGMGXGjIJ5VTbSAzys_V-iG95/view?usp=drivesdk,9/22/2018,4/20/2020
FALSE,ProjectSAM - Organ Mystique EXP,https://drive.google.com/file/d/1Um6t8ZSHY4XFUkOnamhEmWlqkVF9HLoW/view?usp=drivesdk,9/22/2018,4/20/2020
FALSE,Strezov Sampling - Strezov Sampling Belarus Piano,https://drive.google.com/file/d/1bJrFk7vuHBbAvOisU95kIiPHgPN2ENKA/view?usp=drivesdk,9/22/2018,4/20/2020
FALSE,Wavesfactory - Old Tape Piano,https://drive.google.com/file/d/1iHycPFeeyxGtmCAfJWUwCpCbM2NDSOY_/view?usp=drivesdk,9/22/2018,4/20/2020
FALSE,Soundlabel -  Piano Attack,https://drive.google.com/file/d/1mbJfkqyEi7k1XNzAUvCM0mcVCKBvUCg1/view?usp=drivesdk,9/22/2018,4/20/2020
FALSE,Hephaestus Sounds - Pipe Festival,https://drive.google.com/file/d/1YcQiS6jwUHtMdiuZJTAo5_Rcr0lFSxFC/view?usp=drivesdk,9/22/2018,4/20/2020
FALSE,Hephaestus Sounds - Organissimo,https://drive.google.com/file/d/1QOWJc-1hnqDcna6cklaq6_kSAY_4xzGt/view?usp=drivesdk,9/22/2018,4/20/2020
FALSE,Spitfire Audio - Producer Portfolio - Gwilym Simcock Felt Piano,https://drive.google.com/file/d/1-UnGGnKpz_hO9OtRj0ZSoTNt0eaU2hK9/view?usp=drivesdk,9/22/2018,4/20/2020
FALSE,Wavesfactory - W-Honky,https://drive.google.com/file/d/1ueOyqBJQSIHqUXiXCRNkSIuaN-uAYNjD/view?usp=drivesdk,9/22/2018,4/20/2020
FALSE,Soundiron - Montclarion Hall Grand Piano,https://drive.google.com/file/d/1NM1DNSxSGrZQtzarST2gxJEvqiJZn-uB/view?usp=drivesdk,9/22/2018,4/20/2020
FALSE,Spitfire Audio - Orchestral Grand Piano,https://drive.google.com/file/d/1oryeUZeaK3vn8FgOBNPEwzo-MBLBlZNy/view?usp=drivesdk,9/22/2018,4/20/2020
FALSE,Sonart Audio - Venice Deluxe Sounds Jazz Deluxe Collection JAZZ PIANOS,https://drive.google.com/file/d/1-1IbdejE6oB4JdXmDjUjjdalN37rxscA/view?usp=drivesdk,9/22/2018,4/20/2020
FALSE,Soundiron - Old Busted Granny Piano,https://drive.google.com/file/d/1v9U6DJGaiMrHtw2L1PPJYU3VQsabFZBQ/view?usp=drivesdk,9/22/2018,4/20/2020
FALSE,Soundiron - Struck Grand Piano v1.0,https://drive.google.com/file/d/18zD4Yp6CISqPBR3JHmLR9vU4C69Bu7qc/view?usp=drivesdk,9/22/2018,4/20/2020
FALSE,Soundiron - Emotional Piano,https://drive.google.com/file/d/1QTxV1JRIhOBtfTJQkdc4ANmX1R29t9sy/view?usp=drivesdk,9/22/2018,4/20/2020
FALSE,SonicCouture - The Hammersmith Pro,https://drive.google.com/file/d/198SKeOYKfE5OssrNHKmZ6q7KMbgfYL9s/view?usp=drivesdk,9/22/2018,4/20/2020
FALSE,Soundiron - Emotional Piano v3.0,https://drive.google.com/file/d/1djAzjOIRWuAGdCTqLIM3AVJJTtrpzN6E/view?usp=drivesdk,9/22/2018,4/20/2020
FALSE,sound DUST - Ships Piano MK2,https://drive.google.com/file/d/1omDKT4Wu1twdBejbbQ25GlLvZPl3R0sW/view?usp=drivesdk,9/22/2018,4/20/2020
FALSE,Sampletekk - Vertikal Pop Piano,https://drive.google.com/file/d/1JTAaX1mzLNWZ8H_2l9eHRffW-Ymszmru/view?usp=drivesdk,9/22/2018,4/20/2020
FALSE,Sonart Audio - Bosendorfer 290,https://drive.google.com/file/d/1HkgCkmntubOF0DL3bnhnsJQEy0SgGzgU/view?usp=drivesdk,9/22/2018,4/20/2020
FALSE,Sampletekk - Piano Bundle,https://drive.google.com/file/d/14M03sqYuD4A0CJlQ2a8RwKg-ZtCXXUGA/view?usp=drivesdk,9/22/2018,4/20/2020
FALSE,Sonart Audio - Colour Sonics Pianos 2.0 Pro Collection,https://drive.google.com/file/d/1jFNv8wtGhuoSLEhcpd7WOU1CYjQPICtl/view?usp=drivesdk,9/22/2018,4/20/2020
FALSE,Sonart Audio - Deluxe Series B3,https://drive.google.com/file/d/1cIeKTjY8TyYaNQGq91g4Ge5rDYVJCbX3/view?usp=drivesdk,9/22/2018,4/20/2020
FALSE,Sample Logic - Cinematic Keys,https://drive.google.com/file/d/1oPEZt4aeaY-kWCxBsOXmTFESt0R1XmO0/view?usp=drivesdk,9/22/2018,4/20/2020
FALSE,Sampletekk - Seven Seas Grand,https://drive.google.com/file/d/1-vz4_4W9VU_FT63PXExq5stoOcpoavEl/view?usp=drivesdk,9/22/2018,4/20/2020
FALSE,Sampletekk - The Big One,https://drive.google.com/file/d/11lFjg9Lu91RSgCAG_D1nHY369AjpOB9t/view?usp=drivesdk,9/22/2018,4/20/2020
FALSE,realsamples - 73 Stage Piano Collection,https://drive.google.com/file/d/1F0qBClnk1SbZmFVItnS3DzBOBkLgJ_qi/view?usp=drivesdk,9/22/2018,4/20/2020
FALSE,Precisionsound - Nordic Upright Piano V2,https://drive.google.com/file/d/18IUmJtKKtC-H5dj7rKq0JSvYhOVV_c-k/view?usp=drivesdk,9/22/2018,4/20/2020
FALSE,Orange Tree Samples - Evolution Rosewood Grand,https://drive.google.com/file/d/1GSkUXmMOyF9fXposaOW0tn_9akZky_u8/view?usp=drivesdk,9/22/2018,4/20/2020
FALSE,Precisionsound - Nordic Upright Piano V2,https://drive.google.com/file/d/1Tin98RN34I7T_6e9wyn7_T0lBmbbey4g/view?usp=drivesdk,9/22/2018,4/20/2020
FALSE,PianoWave - Steinway B,https://drive.google.com/file/d/1OtWy4qHELmPO_X2o9GaTCIXYD7aFbqd5/view?usp=drivesdk,9/22/2018,4/20/2020
FALSE,"Puremagnetik - PM Grand (Kontakt, Wav, Aiff)",https://drive.google.com/file/d/1usq9v-elz1cesxd8NzGZwEYvoMt6mHPX/view?usp=drivesdk,9/22/2018,4/20/2020
FALSE,Paper Stone Instruments - Palm Mute,https://drive.google.com/file/d/1cBBuGtzU--YrpxMfrVWEcqxLOrOwXtHN/view?usp=drivesdk,9/22/2018,4/20/2020
FALSE,Orange Tree Samples - Angelic Keys,https://drive.google.com/file/d/1fEjNw_1NOMJ9zQ9d8UATkPNBZ1cQKVjt/view?usp=drivesdk,9/22/2018,4/20/2020
FALSE,Orchestral Tools - The Orchestral Grands,https://drive.google.com/file/d/1tI3agripwtuRNA8VgyKCwKHlmwoR5aCI/view?usp=drivesdk,9/22/2018,4/20/2020
FALSE,Native Instruments - Vienna Concert Grand 1.4.0,https://drive.google.com/file/d/14_hK7phPgLxKruH9JV6SCHlt7Q05XSBm/view?usp=drivesdk,9/22/2018,4/20/2020
FALSE,Native Instruments - Upright Piano 1.4.0,https://drive.google.com/file/d/1BNn4J-s4cC6zsYPanVWr_skUOVijZkDI/view?usp=drivesdk,9/22/2018,4/20/2020
FALSE,Native Instruments - Alicia_s Keys,https://drive.google.com/file/d/1gMDtcC4Nf4VXA8N8ds5SG8gz2dbho-iv/view?usp=drivesdk,9/22/2018,4/20/2020
FALSE,Native Instruments - The Maverick v1.2,https://drive.google.com/file/d/1HDVdW4VniIrPDbKt7ttgAztF7U0xv6sI/view?usp=drivesdk,9/22/2018,4/20/2020
FALSE,Native Instruments - The Grandeur,https://drive.google.com/file/d/1LDz1F3XYlFsOpQVyXnZMRa9PIkkZrBy_/view?usp=drivesdk,9/22/2018,4/20/2020
FALSE,Native Instruments - The Giant v1.2,https://drive.google.com/file/d/1gtNibKZ2asxL_LhNFOwtSgX-nqp30YGy/view?usp=drivesdk,9/22/2018,4/20/2020
FALSE,Native Instruments - The Gentleman,https://drive.google.com/file/d/1hpOtts7fnyU5pUb8d5kd84N2FD1uN5Kq/view?usp=drivesdk,9/22/2018,4/20/2020
FALSE,Native Instruments - The Giant,https://drive.google.com/file/d/1m4aNf4xH71XRHLGjxMkTYJKDiAsTequk/view?usp=drivesdk,9/22/2018,4/20/2020
FALSE,M-Audio - ProSessions Premium Grand Piano,https://drive.google.com/file/d/1y0k2lPC52uk7waH0fJfFJah5LS6Kx_j_/view?usp=drivesdk,9/22/2018,4/20/2020
FALSE,Native Instruments - New York Concert Grand 1.3.0,https://drive.google.com/file/d/1Ctohic8OMyPrP-VhamcqZ8QZ8Y-573cN/view?usp=drivesdk,9/22/2018,4/20/2020
FALSE,Native Instruments - Berlin Concert Grand 1.2.0,https://drive.google.com/file/d/1L6iMsnQYb2oQo7hWklymc60VTAOwmDi0/view?usp=drivesdk,9/22/2018,4/20/2020
FALSE,Imperfect Samples - Brasted Upright Piano Complete,https://drive.google.com/file/d/1vlgyq2s9Npg0apkoGZSVABSaBG67YP1m/view?usp=drivesdk,9/22/2018,4/20/2020
FALSE,Imperfect Samples - Hohner White Baby Grand Complete,https://drive.google.com/file/d/1tttxpB0dUk9f-tFUZ3SNzXJfxx_YZUSx/view?usp=drivesdk,9/22/2018,4/20/2020
FALSE,Imperfect Samples - Fazioli Ebony Concert Grand Complete Edition,https://drive.google.com/file/d/113tUjif_xNXVoKODMgU7aQ01AbwHxmsz/view?usp=drivesdk,9/22/2018,4/20/2020
FALSE,Cinesamples - Piano In Blue,https://drive.google.com/file/d/104-hqf4SHQS0JHKoU7M7umIkSnAcXxSy/view?usp=drivesdk,9/22/2018,4/20/2020
FALSE,Imperfect Samples - Braunschweig Upright Piano,https://drive.google.com/file/d/1JFw_ywo6KbVpRjdD38megIjJxNVEIpwn/view?usp=drivesdk,9/22/2018,4/20/2020
FALSE,Imperfect Samples - Braunschweig Upright Piano Pro Edition,https://drive.google.com/file/d/1f5sIZSJq1-wWzetJnhHjivI_MA23iOTa/view?usp=drivesdk,9/22/2018,4/20/2020
FALSE,Fluffy Audio - My Piano 1.1,https://drive.google.com/file/d/1S2Mlt5ATe9m52m1bthl5vZa6XqfaUFfR/view?usp=drivesdk,9/22/2018,4/20/2020
FALSE,Imperfect Samples - Fazioli Ebony Concert Grand Complete,https://drive.google.com/file/d/1uJOkRZseY65kV5W9Wip_iUYmIL1Htqk1/view?usp=drivesdk,9/22/2018,4/20/2020
FALSE,Impact Soundworks - PEARL Concert Grand,https://drive.google.com/file/d/1gknCoShqceLpDPPAPWLzaF6ZsKHVw_Ko/view?usp=drivesdk,9/22/2018,4/20/2020
FALSE,Cinesamples - Piano in Blue v2,https://drive.google.com/file/d/1o8x7gffp5yDnOdKPT3NSwAC_e4v-SpVB/view?usp=drivesdk,9/22/2018,4/20/2020
FALSE,Cinesamples - Abbey Road Classic Upright Pianos,https://drive.google.com/file/d/1zcWQ-vCyUXd8B87RCW4B4ERUDm_WLKad/view?usp=drivesdk,9/22/2018,4/20/2020
FALSE,8Dio - 1969 Steinway Grand Piano,https://drive.google.com/file/d/1SUplQ9I_ntey9fRsudxvYAHD26V6d4ql/view?usp=drivesdk,9/22/2018,4/20/2020
FALSE,Big Fish Audio - John Cage Prepared Piano,https://drive.google.com/file/d/1Yv2vgZOFzXaq8xV-CS1_-VcYuDuregzC/view?usp=drivesdk,9/22/2018,4/20/2020
FALSE,Cinematic Studio - Piano,https://drive.google.com/file/d/1B3DLcWsTtdbdiaNdAczQtlaX38FFSBZS/view?usp=drivesdk,9/22/2018,4/20/2020
FALSE,Best Service - Galaxy II K4 Vienna Grand Imperial,https://drive.google.com/file/d/1iWvBgcRKOyMJabhFiZ9Iu5SHjSB_iTSq/view?usp=drivesdk,9/22/2018,4/20/2020
FALSE,Best Service - Galaxy Vintage D 1.2,https://drive.google.com/file/d/1upy-2LpwanBavch0HURWseFi1TcDi6lV/view?usp=drivesdk,9/22/2018,4/20/2020
FALSE,Best Service - Galaxy II K4 Steinway,https://drive.google.com/file/d/1RnOSrtLFMEqCpA9lXJtaPF1IhRfTA8zX/view?usp=drivesdk,9/22/2018,4/20/2020
FALSE,Best Service - Galaxy II K4 German Baby Grand,https://drive.google.com/file/d/1ZXqAGmUepGVvBSb5_PAGwjvkhcSaa893/view?usp=drivesdk,9/22/2018,4/20/2020
FALSE,Acousticsamples - Kawai EX PRO,https://drive.google.com/file/d/1FVyTIGyKAcN0jfYuz6fjKCNLYm5F1QGE/view?usp=drivesdk,9/22/2018,4/20/2020
FALSE,Acousticsamples - Old Black Grand,https://drive.google.com/file/d/17A3M8Xrj8ul_M7BEjH5WewzsdkYgo92f/view?usp=drivesdk,9/22/2018,4/20/2020
FALSE,8Dio - Bowed Grand Piano,https://drive.google.com/file/d/1G2H0NaCHoZMzh76YlVEPqnNajKbgoM_P/view?usp=drivesdk,9/22/2018,4/20/2020
FALSE,Best Service - Galaxy II 5xDVD,https://drive.google.com/file/d/1Ox9IlHpXfoASamuiE_McvbrhouH0od9N/view?usp=drivesdk,9/22/2018,4/20/2020
FALSE,8Dio - 1990 Studio Grand Piano,https://drive.google.com/file/d/18yCUmy5ELcDMLYUXqya8Pg5xJnCMIHk-/view?usp=drivesdk,9/22/2018,4/20/2020
FALSE,Art Vista - Virtual Grand Piano 2.3,https://drive.google.com/file/d/1P72fx6m-9coq4AMojRXDwozEL32QaZpM/view?usp=drivesdk,9/22/2018,4/20/2020
FALSE,Bardstown Bosendorfer 290 Grand Piano,https://drive.google.com/file/d/1RnzQJ_oUDmZl52BcqlBnIFqlG_FIJAat/view?usp=drivesdk,9/22/2018,4/20/2020
FALSE,Acousticsamples - Academic Grand,https://drive.google.com/file/d/1saGYZFWaPqOxe1vdGhikcA5tzfEF2nSH/view?usp=drivesdk,9/22/2018,4/20/2020
FALSE,8Dio - Plucked Piano,https://drive.google.com/file/d/1mBuhzGvi-xJKBlAfyI3W7c2C5EFJoW4Y/view?usp=drivesdk,9/22/2018,4/20/2020
FALSE,Spitfire Audio - Grand Cimbalom,https://drive.google.com/file/d/1rJsFNu6OyBF7FPvCq8zBuaeg29-WxB0A/view?usp=drivesdk,9/22/2018,4/20/2020
FALSE,8Dio - 1901 Upright Studio Piano,https://drive.google.com/file/d/1gFAv9BLzYrSe7sjRUTMiobJEC2l3xobf/view?usp=drivesdk,9/22/2018,4/20/2020
FALSE,Sonokinetic - Nevel (_Bible_ Harp),https://drive.google.com/file/d/1SUi6nWmb-dsi5W96X0CLlsmG_2qJBqu2/view?usp=drivesdk,9/22/2018,4/20/2020
FALSE,Wavelore - American Zither,https://drive.google.com/file/d/1rkxP_W75P0xDt3QuDwQU90cofjj9yWpz/view?usp=drivesdk,9/22/2018,4/20/2020
FALSE,SONiVOX  Sonic Implants - Symphonic Harp Collection,https://drive.google.com/file/d/1zBMYH-IB0yUWrnvUS5XTi0ekjFXwMEnd/view?usp=drivesdk,9/22/2018,4/20/2020
FALSE,Spitfire Audio - Plucked Piano,https://drive.google.com/file/d/1M9xcjPjrsfJmeEtPhJu4FODDxL1cDoRI/view?usp=drivesdk,9/22/2018,4/20/2020
FALSE,Westgate Studios - Celtic Harp Modular Series,https://drive.google.com/file/d/1aqQmLXWRgWGLLf5ZQQak1l-xE12Tphds/view?usp=drivesdk,9/22/2018,4/20/2020
FALSE,sound DUST - GrandThrift autoHarp²,https://drive.google.com/file/d/1ncU_QCi0tjfF3Ct_Ba-hspZhzKuIkPdH/view?usp=drivesdk,9/22/2018,4/20/2020
FALSE,SonicCouture - Ghuzeng,https://drive.google.com/file/d/1JFTdiCFlnQ9XKp0n3q5BsQUQqN9TOXk3/view?usp=drivesdk,9/22/2018,4/20/2020
FALSE,Precisionsound - Persian Santur,https://drive.google.com/file/d/1HePXJyQINPlyHt2xU35ntR0-Jenx1R0r/view?usp=drivesdk,9/22/2018,4/20/2020
FALSE,ProjectSAM - Concert Harp EXP 1.3,https://drive.google.com/file/d/1PmnisI5Tl5RvuZiETmNT_CoiIc8OUFuu/view?usp=drivesdk,9/22/2018,4/20/2020
FALSE,Precisionsound - Swedish Key Harp,https://drive.google.com/file/d/1Qf9dBilH-q3jW464IoXvHOUooLpxPQaE/view?usp=drivesdk,9/22/2018,4/20/2020
FALSE,Precisionsound - Lyra ,https://drive.google.com/file/d/1Rb30MpSdDfzV1rBrGjko0kAo0vWOrSx2/view?usp=drivesdk,9/22/2018,4/20/2020
FALSE,Sonart Audio - Venice Instruments Harp,https://drive.google.com/file/d/1RewTB0XqbkugDCxjytoBJlUIqUSTkFnt/view?usp=drivesdk,9/22/2018,4/20/2020
FALSE,Precisionsound - Lyra ,https://drive.google.com/file/d/1zKrFzTo3kHt0hzyn48Z22zPWgGvRim2n/view?usp=drivesdk,9/22/2018,4/20/2020
FALSE,Ilya Efimov - Balalaika,https://drive.google.com/file/d/1GIvaNKjW-hVH1qXEA0YAggAUZaSZqVpe/view?usp=drivesdk,9/22/2018,4/20/2020
FALSE,Ilya Efimov - Domra,https://drive.google.com/file/d/1NuL8-x4Mv8IjehkyQkCNXWwNBmrieU5J/view?usp=drivesdk,9/22/2018,4/20/2020
FALSE,Orange Tree Samples - Angelic Zither,https://drive.google.com/file/d/1U7eJ2KUia17CCALuVqtmR4FXVExykRuf/view?usp=drivesdk,9/22/2018,4/20/2020
FALSE,Precisionsound - Alpine Concert Zither ,https://drive.google.com/file/d/1ezpZxQWXQi9rOtfDayr1JzXxRgtgbJx2/view?usp=drivesdk,9/22/2018,4/20/2020
FALSE,Hephaestus Sounds - Fairy Tale Harp,https://drive.google.com/file/d/16FmXXmZlJcQDsMybMmyz4X_dXgIFPbrh/view?usp=drivesdk,9/22/2018,4/20/2020
FALSE,Ilya Efimov - Contrabass Balalaika,https://drive.google.com/file/d/1pPAICIorzOCDmJHCZpIBoc7qpmKVQgGA/view?usp=drivesdk,9/22/2018,4/20/2020
FALSE,Ilya Efimov - Domra Alto,https://drive.google.com/file/d/1v18KSmWu46sKkNtQs5rjYVvqA675AfiP/view?usp=drivesdk,9/22/2018,4/20/2020
FALSE,Sonokinetic - Kemence,https://drive.google.com/file/d/191K5iSFTjV2gNzuiut7rcUFbYTZYXPvB/view?usp=drivesdk,9/22/2018,4/20/2020
FALSE,Cinematique Instruments - Autoharp,https://drive.google.com/file/d/1BzoyFnRMAhUIPJM72xP8SfT674Kc2ONf/view?usp=drivesdk,9/22/2018,4/20/2020
FALSE,Cinematique Instruments - Bowed Psaltery,https://drive.google.com/file/d/1T2Gfg7AtYJbtoRgSfXpX9lH2uwEnxzDu/view?usp=drivesdk,9/22/2018,4/20/2020
FALSE,CineSamples - CineHarp 1.1,https://drive.google.com/file/d/1_GGKGh54NlHFxsjNsfGpEFTF-GZHgu2c/view?usp=drivesdk,9/22/2018,4/20/2020
FALSE,Cinematique Instruments - Celtic Nylon Harp,https://drive.google.com/file/d/1jIuIobR8Mk6zE_zHCwXscj4QO2IFNo3d/view?usp=drivesdk,9/22/2018,4/20/2020
FALSE,Bolder Sounds - BOB Early Music,https://drive.google.com/file/d/1NckQDANA3JtWUM-H1C5Sjd5mdlKDtDzx/view?usp=drivesdk,9/22/2018,4/20/2020
FALSE,Bolder Sounds - Hammered Dulcimer Trilogy Complete,https://drive.google.com/file/d/1lP7JPoI9Su88_LV4Hp3_mXLd9T8xxpd5/view?usp=drivesdk,9/22/2018,4/20/2020
FALSE,8Dio - Santur,https://drive.google.com/file/d/1F1r5rzJtWMDE_CQFn-2TQVi4kGjy2MCm/view?usp=drivesdk,9/22/2018,4/20/2020
FALSE,Sonokinetic - Sultan Strings,https://drive.google.com/file/d/1VXYh7Wk-t5dl411h6Ro6Koo2y3zJ9l-G/view?usp=drivesdk,9/22/2018,4/20/2020
FALSE,Zero-G - Luminoso,https://drive.google.com/file/d/1uzG-xTGCNu0_zIZebLarmQk-oNOpP5gN/view?usp=drivesdk,9/22/2018,4/20/2020
FALSE,Bolder Sounds - BOB American Folk,https://drive.google.com/file/d/1LGI39C-NETKH1qnglXlA0pjtGLhxeMUX/view?usp=drivesdk,9/22/2018,4/20/2020
FALSE,Akki Plugs - Virtual Bouzouki,https://drive.google.com/file/d/1qq5o2AvjUufoB3UxVZlKOKoR7AKTp-Hz/view?usp=drivesdk,9/22/2018,4/20/2020
FALSE,8Dio - Qanun,https://drive.google.com/file/d/1nftpZ8YIvMVEBBa3f1P_fUeGe1N0yDrS/view?usp=drivesdk,9/22/2018,4/20/2020
FALSE,Soundiron - Twine Bass,https://drive.google.com/file/d/1-Maibmr5S_70LVAxQCUpu0etCxZmNU3y/view?usp=drivesdk,9/22/2018,4/20/2020
FALSE,Soundiron - Zitherette,https://drive.google.com/file/d/12bU-knNlUbnAGTUICd-gF3l1_pX5S0HC/view?usp=drivesdk,9/22/2018,4/20/2020
FALSE,Soundiron - Bowed Bucket Bass,https://drive.google.com/file/d/1oCYaBjPLAMWTmnLKwGySV_oMSQ75YXGF/view?usp=drivesdk,9/22/2018,4/20/2020
FALSE,Cinesamples - Viola Da Gamba,https://drive.google.com/file/d/11m47pXfQKbF3jb5189okQTSD9kvLH9dO/view?usp=drivesdk,9/22/2018,4/20/2020
FALSE,Mosh Loops - Cinematic Strings,https://drive.google.com/file/d/13CELNjimVML5Xxh5Kg9OITtO635hT5nO/view?usp=drivesdk,9/22/2018,4/20/2020
FALSE,Sonokinetic - Hurdy Gurdy,https://drive.google.com/file/d/1FgLWa-5NGXBqJhBviLsfFL4NZ9C9qip0/view?usp=drivesdk,9/22/2018,4/20/2020
FALSE,Ice Samples - Love Violin,https://drive.google.com/file/d/1FrLxl6uYJ8gs-fl8pLADIQmz15JrDL3T/view?usp=drivesdk,9/22/2018,4/20/2020
FALSE,Spitfire Audio - Cross Kitchenware,https://drive.google.com/file/d/1Vn8idoG5EULenTx8eK8dBbdffoa_jc_h/view?usp=drivesdk,9/22/2018,4/20/2020
FALSE,8Dio - Bazantar,https://drive.google.com/file/d/1odtSgPt7vMckj4AlgKsLQ3DsKsvL_9H7/view?usp=drivesdk,9/22/2018,4/20/2020
FALSE,Best Service - Peter Siedlaczek String Essentials 2nd Edition,https://drive.google.com/file/d/11-IVvnO8gVdOTNENVKWotYa7tb2AD5hm/view?usp=drivesdk,9/22/2018,4/20/2020
FALSE,Wavesfactory - Boomwhackers,https://drive.google.com/file/d/1omW-Sa0F-0RsFeBqAMip20vE1LrD9WAx/view?usp=drivesdk,9/22/2018,4/20/2020
FALSE,Vir2 Instruments - VI One,https://drive.google.com/file/d/1Oj-pQEaNO61W7C0cjAV7b8waxEpSoxII/view?usp=drivesdk,9/22/2018,4/20/2020
FALSE,Wavesfactory - W-Shaker,https://drive.google.com/file/d/1sarqnQEYTgMk6gmhvy7FJ3wy-3ib1pXU/view?usp=drivesdk,9/22/2018,4/20/2020
FALSE,Tonehammer - Gnomehammer,https://drive.google.com/file/d/1HPicCcsJEkC-kQHMBN9NMUWOHaBiasMN/view?usp=drivesdk,9/22/2018,4/20/2020
FALSE,Virtuasonic - Drums From a Car,https://drive.google.com/file/d/1bRx5EYI2tDYq9kJfiTVdwWRnJ0CKKpSF/view?usp=drivesdk,9/22/2018,4/20/2020
FALSE,Wavelore Instruments - Ether-Phone (Theremin),https://drive.google.com/file/d/1nTxUMXQnP3XDA-ktJ2dSo8bUhsI9Zs_L/view?usp=drivesdk,9/22/2018,4/20/2020
FALSE,Wavesfactory - Body Percussion,https://drive.google.com/file/d/1zUJObUlocuRuQBd3X0nXscHk0cIApY2x/view?usp=drivesdk,9/22/2018,4/20/2020
FALSE,Soundiron - Shimmer,https://drive.google.com/file/d/12RjUEVsSX1jPfzi3GuEU_ezjONCHPAp1/view?usp=drivesdk,9/22/2018,4/20/2020
FALSE,SoundDUST - Pendleonium 3,https://drive.google.com/file/d/12UMDvGG3BYkqdniILiulXv8dm-Vgo2s_/view?usp=drivesdk,9/22/2018,4/20/2020
FALSE,Sonokinetic - H.I.P.P Upgrade Version 1.2,https://drive.google.com/file/d/1dFCfx5c_DHtSa4PhgubiB-a6dkTn5MIR/view?usp=drivesdk,9/22/2018,4/20/2020
FALSE,Soundiron - M1 Garand Rifle,https://drive.google.com/file/d/1t1gtOfo910UCQo8wHaUHArAhvyr0G6sW/view?usp=drivesdk,9/22/2018,4/20/2020
FALSE,Soniccouture - Thunder Drum,https://drive.google.com/file/d/1a-310xawdIeHKHdnJBtp0pvzaj1--G4a/view?usp=drivesdk,9/22/2018,4/20/2020
FALSE,Soniccouture - Music Boxes,https://drive.google.com/file/d/1L3TGjxcAthEgapVfJGZWsxpxAZ2747p1/view?usp=drivesdk,9/22/2018,4/20/2020
FALSE,Soniccouture - Glisten,https://drive.google.com/file/d/1iiNk5TJIH9Tbh2pIM2KJ21aJY8J1PB8d/view?usp=drivesdk,9/22/2018,4/20/2020
FALSE,Sample Logic - Stadium Instruments,https://drive.google.com/file/d/1-6PpngkDEBTk-gEc1tLov0_cv5AZ-xer/view?usp=drivesdk,9/22/2018,4/20/2020
FALSE,SonicCouture - eBow,https://drive.google.com/file/d/12aNAy8XTldAFMcM-NZ1BE8Vc9XsSvigX/view?usp=drivesdk,9/22/2018,4/20/2020
FALSE,Puremagnetik - Toybox,https://drive.google.com/file/d/1fcEXARud7zLWwhBk-xf37WFiIiygYGeA/view?usp=drivesdk,9/22/2018,4/20/2020
FALSE,"Precisionsound - Moldova Concert Cimbalom (Kontakt, NKI, FXP)",https://drive.google.com/file/d/1JIbAF9iPlOeyiO89Qm8LJldEi459Jl6H/view?usp=drivesdk,9/22/2018,4/20/2020
FALSE,Precisionsound - The Blanchet Cembalo,https://drive.google.com/file/d/1PEHfDsNcPSQF1JSrlWnUpgysPu8-Y7Ia/view?usp=drivesdk,9/22/2018,4/20/2020
FALSE,Sample Logic - Vuvuzela,https://drive.google.com/file/d/1hUTm2hupoKFpwIiWbgeiQ9APvxTqQsTF/view?usp=drivesdk,9/22/2018,4/20/2020
FALSE,Rhythmic Robot - Snaps _n_ Claps,https://drive.google.com/file/d/1AjG6DLKn-9yCRzuMbTHn-McN21wMoR6W/view?usp=drivesdk,9/22/2018,4/20/2020
FALSE,"Precisionsound - Moldova Concert Cimbalom (Kontakt, NKI, FXP)",https://drive.google.com/file/d/1Tqyms2-iTjLgiYLKB-X6PYYxTyIEoW0W/view?usp=drivesdk,9/22/2018,4/20/2020
FALSE,Orange Tree Samples - TinyBox,https://drive.google.com/file/d/1pDkeWBCon8lBvF94rvPcA0N9wd1CAwRy/view?usp=drivesdk,9/22/2018,4/20/2020
FALSE,"Orange Tree Samples - Mind Control (WAV, KONTAKT)",https://drive.google.com/file/d/1zUl66gkdoHxcYoNbtnJuUhP15Gi9-Y_a/view?usp=drivesdk,9/22/2018,4/20/2020
FALSE,Dargalon Instruments Studio - KANGLING The Sound of Death,https://drive.google.com/file/d/10hiF-nz04R0yShO4tgU3H9Z4NtM4Bi8I/view?usp=drivesdk,9/22/2018,4/20/2020
FALSE,Native Instruments - Kinetic Metal,https://drive.google.com/file/d/11cXZOxOpr9L6yuwo_ibfvaR1Ku5XehuH/view?usp=drivesdk,9/22/2018,4/20/2020
FALSE,Cinematique Instruments - The Bowl,https://drive.google.com/file/d/142uvZGRt4jHy4aXyuzrFi8TTpP2GA1NX/view?usp=drivesdk,9/22/2018,4/20/2020
FALSE,Cinematique Instruments - Kantele,https://drive.google.com/file/d/1V_dq5eS-pnF8dL-snlzyiUxD0El-YZ-j/view?usp=drivesdk,9/22/2018,4/20/2020
FALSE,Big Fish Audio - Zen,https://drive.google.com/file/d/1dpBECajI1NWk-VehAuFbpPGtn5apZg-S/view?usp=drivesdk,9/22/2018,4/20/2020
FALSE,Dargalon Instruments Studio - Destroyed Six Cinematic Detuned Pianos,https://drive.google.com/file/d/1nFQNLkwp5zEiXh7bthqgkTisY3biBeiI/view?usp=drivesdk,9/22/2018,4/20/2020
FALSE,Indiginus - Appalachian Mountain Dulcime ,https://drive.google.com/file/d/1tXFfkw3dtVvGA23W83zfxtqt_Lr08LM3/view?usp=drivesdk,9/22/2018,4/20/2020
FALSE,8Dio - Mini,https://drive.google.com/file/d/1sQoNmOCi3RHN-qwEiEoouyoqZvGWCWpK/view?usp=drivesdk,9/22/2018,4/20/2020
FALSE,Cinematique Instruments - Ensemblia,https://drive.google.com/file/d/1zgvejz4uJ8bXVaRJOm22Bo1UtOLZg0Ss/view?usp=drivesdk,9/22/2018,4/20/2020
FALSE,Aaron Bewza - Aaron_s Kontakt Instrument Collection,https://drive.google.com/file/d/11_3AmcBZBM9kCVPmZG-jvhBfHIWkNAiT/view?usp=drivesdk,9/22/2018,4/20/2020
FALSE,8Dio - Water Percussion,https://drive.google.com/file/d/1luP_XyPGxShD0VPQtFdJ9G4MP44ZHwuZ/view?usp=drivesdk,9/22/2018,4/20/2020
FALSE,Brickwall Audio - Metallic Dreams,https://drive.google.com/file/d/1Hwve3LuLMZMQtPYtD7U09lk8Oj0dtalO/view?usp=drivesdk,9/22/2018,4/20/2020
FALSE,T.D.Samples - Enigmatic Phrases,https://drive.google.com/file/d/1UM8CMEZ3Bn5-hrq_5R2rmro32bh-vyT-/view?usp=drivesdk,9/22/2018,4/20/2020
FALSE,Best Service - Whistler Human Whistle,https://drive.google.com/file/d/1lILDpC-hpln6a_qgwkULo0tNmyDa9pAk/view?usp=drivesdk,9/22/2018,4/20/2020
FALSE,Brickwall Audio - Raw Steel,https://drive.google.com/file/d/1qh-dsa7n7r_8WIMPq_DEUTo3whfKs1cZ/view?usp=drivesdk,9/22/2018,4/20/2020
FALSE,8Dio - Fireworks,https://drive.google.com/file/d/1vWBWytXeWLLpxzbIQN_nF_LXE6bHLAal/view?usp=drivesdk,9/22/2018,4/20/2020
FALSE,Sonokinetic - Tigris _ Euphrates Voices Of The Ottoman Empire,https://drive.google.com/file/d/1pocHu2Pe-9HdKoQpAd00xrrMf2pcGCzx/view?usp=drivesdk,9/22/2018,4/20/2020
FALSE,Sonokinetic - Yemenite 1.2 Male Yemenite Voice Performances,https://drive.google.com/file/d/18367SYKZz4hQRhxRZkCfKLQiiLIsQT4a/view?usp=drivesdk,9/22/2018,4/20/2020
FALSE,Sonokinetic - Rojin 1.2 Kurdish Female Vocals,https://drive.google.com/file/d/1MXtkKUKBv_tihMWhMRiIdSGfGYv7o_1P/view?usp=drivesdk,9/22/2018,4/20/2020
FALSE,Sonokinetic - Guzin,https://drive.google.com/file/d/1UydVJW_FgKwkkIFjYk6shFPfR_HN2b9Z/view?usp=drivesdk,9/22/2018,4/20/2020
FALSE,Sonokinetic - Voices Of Israel Sephardic Female Voice,https://drive.google.com/file/d/1FGOoRpE0GnLrc8sCC0x0-JcvMbCwwcEw/view?usp=drivesdk,9/22/2018,4/20/2020
FALSE,Sonokinetic - Haka Pacific Warrior _ Tribal Music,https://drive.google.com/file/d/1OqsosuVKd2hO49OzlVsTvCf0d4C576v9/view?usp=drivesdk,9/22/2018,4/20/2020
FALSE,Soundiron - Voice of Gaia Strawberry,https://drive.google.com/file/d/1j-VxYC05LH8BUoDyWvhTxDrQzxw8LXox/view?usp=drivesdk,9/22/2018,4/20/2020
FALSE,Spitfire Audio - The PeteBox,https://drive.google.com/file/d/131UZI2URwoeiliP2B-Id4Y2ghrXO70m6/view?usp=drivesdk,9/22/2018,4/20/2020
FALSE,Sonokinetic - Maasai Traditional Tribal Music,https://drive.google.com/file/d/1O7QUsZ6v0u6OR9pd9vvT_kzGUbsqViGe/view?usp=drivesdk,9/22/2018,4/20/2020
FALSE,8dio - Forgotten Voices Terrie,https://drive.google.com/file/d/1vVmT9QCslLUQSInaUFfF74kHKgbVd8vO/view?usp=drivesdk,9/22/2018,4/20/2020
FALSE,Sonokinetic - Desert Voice Middle Eastern Male Vocal Performances,https://drive.google.com/file/d/1PW5nejTjGDVDkRVrOg0J3fjHsLftG4i6/view?usp=drivesdk,9/22/2018,4/20/2020
FALSE,Sonokinetic - Aliye 1.3 Eurasion Female Vocal Performances,https://drive.google.com/file/d/1k2K7AhOq4aVOD3MQijMC82ECe_yLCqwg/view?usp=drivesdk,9/22/2018,4/20/2020
FALSE,8Dio - Studio Sopranos,https://drive.google.com/file/d/1sQtebggahF_Jdr7Y2L7l56jTBVLuWkbP/view?usp=drivesdk,9/22/2018,4/20/2020
FALSE,Sonokinetic - Delphi Historical Ancient Greek Ensemble,https://drive.google.com/file/d/1PLfdH0qF4o0iJ0s-lrwszXECV2nl51WY/view?usp=drivesdk,9/22/2018,4/20/2020
FALSE,Sonokinetic - Cop Radio,https://drive.google.com/file/d/1eM31lUnx5U4qPFN2OPVIAc6_mBTvcD3I/view?usp=drivesdk,9/22/2018,4/20/2020
FALSE,Bela D Media - Diva Revamp,https://drive.google.com/file/d/18i79C5RHmzL13u64CyB0McOE-pQ0IKep/view?usp=drivesdk,9/22/2018,4/20/2020
FALSE,8dio - Forgotten Voices Cait,https://drive.google.com/file/d/1P89UGwPsv9Vwp7vDjy4aIn9wY_3JBtor/view?usp=drivesdk,9/22/2018,4/20/2020
FALSE,Sexual Effects 1.2 (PURE SEX),https://drive.google.com/file/d/1N1CKhwoo1v0ToAtB6ZTjyinUibASm5vL/view?usp=drivesdk,9/22/2018,4/20/2020
FALSE,"Bela D Media - Vocal Tools The Tenor v2, The Soprano",https://drive.google.com/file/d/10cjAZbVj72qruXFcKm4F15e9xgDUNf_U/view?usp=drivesdk,9/22/2018,4/20/2020
FALSE,8dio - Forgotten voices Francesca,https://drive.google.com/file/d/1EOFMU8j7UjUKySmRisFnMM1qfShBuMFd/view?usp=drivesdk,9/22/2018,4/20/2020
FALSE,8Dio - Forgotten Voices Barbary,https://drive.google.com/file/d/1v_Dw4C6zcS3i8UVCkmieRb-i94V2XGlz/view?usp=drivesdk,9/22/2018,4/20/2020
FALSE,Bela D Media - Vocal Tools Native Voice,https://drive.google.com/file/d/1v3kG7IvmIiC3Tx_hsDu7RR7wxBPc2Gh-/view?usp=drivesdk,9/22/2018,4/20/2020
FALSE,Wavesfactory - W - Bagpipes,https://drive.google.com/file/d/1rq6q444iWVGB-F4mMZurUDbH6IahYHog/view?usp=drivesdk,9/22/2018,4/20/2020
FALSE,Spitfire Audio - BML Flute Consort Vol.1,https://drive.google.com/file/d/1SgahxQJwc4RGkgojejkvuCQauirWKEcF/view?usp=drivesdk,9/22/2018,4/20/2020
FALSE,Spitfire Audio - PP025 Evo Grid 4 - Woodwinds,https://drive.google.com/file/d/1Z_9M7RdNR9HTLVU55oDP0fRPD-HYpcDi/view?usp=drivesdk,9/22/2018,4/20/2020
FALSE,Soundiron - Kazoo,https://drive.google.com/file/d/1ZhRgMRacDUSJTx1QAlnCJr8kn44PF8BJ/view?usp=drivesdk,9/22/2018,4/20/2020
FALSE,Spitfire Audio - Producer Portfolio Andy Findon - Kit Bag,https://drive.google.com/file/d/1vDk5AitW94Sn6PU-VmCcnrpXNRk7T461/view?usp=drivesdk,9/22/2018,4/20/2020
FALSE,Embertone - Recorders,https://drive.google.com/file/d/1Y-cEE9joR9J0F5myiXPxRFC_1tf-QdMj/view?usp=drivesdk,9/22/2018,4/20/2020
FALSE,Sonokinetic - Bagpipes,https://drive.google.com/file/d/1S8FDRb1xn8M0emAyxil8T-KFBz1JR5EM/view?usp=drivesdk,9/22/2018,4/20/2020
FALSE,Embertone - Sensual Saxophone,https://drive.google.com/file/d/1QJsksnnd22h3hKyuDu0Dok2drI784vRA/view?usp=drivesdk,9/22/2018,4/20/2020
FALSE,Sampletekk - Renaissance Flutes,https://drive.google.com/file/d/1f6oVXO0J87q9N_HPoH88ACcpiATy2z92/view?usp=drivesdk,9/22/2018,4/20/2020
FALSE,Embertone - Shire Whistle,https://drive.google.com/file/d/1-FG5IVsP6jAWPv9rwG-L__KaYHHVFA1P/view?usp=drivesdk,9/22/2018,4/20/2020
FALSE,"PrecisionSound - Nordic Low Whistle (Kontakt, NKI, WAV)",https://drive.google.com/file/d/16AxwtRA7wSQaqopyxYbafrjgYFSSjuJa/view?usp=drivesdk,9/22/2018,4/20/2020
FALSE,Precisionsound - Bolivian Panpipe,https://drive.google.com/file/d/1Q_6Jv2-UXCZxK-03815n4Ck9j-0he4xA/view?usp=drivesdk,9/22/2018,4/20/2020
FALSE,"PrecisionSound - Nordic Low Whistle (Kontakt, NKI, WAV)",https://drive.google.com/file/d/1XzvFG2-d3DqWCpi6gPxO2la_cMRpLp2c/view?usp=drivesdk,9/22/2018,4/20/2020
FALSE,Precisionsound - Bolivian Panpipe,https://drive.google.com/file/d/1sTEtC3st0i9Jc4GDToUIdyHvDqfcUI2M/view?usp=drivesdk,9/22/2018,4/20/2020
FALSE,Precisionsound - Peruvian Ocarina,https://drive.google.com/file/d/10pdqY78bGEn6Vl0dIcBHTF_aYIuKpCcK/view?usp=drivesdk,9/22/2018,4/20/2020
FALSE,iCe Samples - Flute,https://drive.google.com/file/d/1GYpyLKvkCL63tUHKFD4snj6ayaUjYG6c/view?usp=drivesdk,9/22/2018,4/20/2020
FALSE,Precisionsound - Celtic Whistles,https://drive.google.com/file/d/1rbmrW4kt3eXcv8jJizCdfKqP1J6y5rgu/view?usp=drivesdk,9/22/2018,4/20/2020
FALSE,Precisionsound - Celtic Whistles,https://drive.google.com/file/d/1xGakRPuM7VHULezW2o_MjQrcM-n5tufT/view?usp=drivesdk,9/22/2018,4/20/2020
FALSE,Best Service - Chris Hein Winds Vol.1 Flutes,https://drive.google.com/file/d/1VKT99hhduFSQ3iYvH6YMZC48M5bN7mhT/view?usp=drivesdk,9/22/2018,4/20/2020
FALSE,Soundiron - Voice of Rapture The Bass,https://drive.google.com/file/d/1XiW9vVaE6hD_-CYlm4HOdUaLMXqCb4XC/view?usp=drivesdk,9/22/2018,4/20/2020
FALSE,Embertone - Herring Clarinet,https://drive.google.com/file/d/1fRXs-MBlYh7CcR_M_1FE-pSK21BpMG4s/view?usp=drivesdk,9/22/2018,4/20/2020
FALSE,Best Service - Chris Hein Winds Vol. 2 Clarinets,https://drive.google.com/file/d/1nXdmfX4LZ2jCIKd_u8aRVe3tBhRJXNs8/view?usp=drivesdk,9/22/2018,4/20/2020
FALSE,"Bela D Media - Retro Flute (WAV,Kontakt)",https://drive.google.com/file/d/1uRyH0iwyHcDhPCpZpjYJAiNe3ZKHskHq/view?usp=drivesdk,9/22/2018,4/20/2020
FALSE,Embertone - Ivory Wind 1.02,https://drive.google.com/file/d/1-FH5CZchfEbkQnjNGYgaA371I7ocTeG-/view?usp=drivesdk,9/22/2018,4/20/2020
FALSE,Embertone - Harmonette,https://drive.google.com/file/d/1CG-WKtDFe4ax95n7tO7GY8FzGZspcyF5/view?usp=drivesdk,9/22/2018,4/20/2020
FALSE,Embertone - Ivory Wind 1.01,https://drive.google.com/file/d/1LeQAxIuIW7q3QNMqivIFL7E3pc-3He2s/view?usp=drivesdk,9/22/2018,4/20/2020
FALSE,Bela D Media - Anthology Spiritual Wind Vol.2,https://drive.google.com/file/d/1qh0BBX2oC8jMgimrysOFRDZndk9PCJaJ/view?usp=drivesdk,9/22/2018,4/20/2020
FALSE,Embertone - Crystal Flute,https://drive.google.com/file/d/16X90c0UfQlGicRb9JmPHZsgB1TQbP849/view?usp=drivesdk,9/22/2018,4/20/2020
FALSE,Bela D Media - Anthology Celtic Wind Vol.1 (KONTAKT.NKI.WAV),https://drive.google.com/file/d/1sPmYMX1io7XHI-zh9cSHQwQU5lPLnQRa/view?usp=drivesdk,9/22/2018,4/20/2020
FALSE,8Dio Requiem Professional 1.1,https://drive.google.com/file/d/13CroCt7R9cj-36CqU3TPF5KHSr-EftkB/view?usp=drivesdk,9/22/2018,4/20/2020
FALSE,Discovery Firm - SHAMISEN,https://drive.google.com/file/d/1QfNItB6IHH-qK6Ht-LbxO_-XzSQH-6-C/view?usp=drivesdk,9/22/2018,4/20/2020
FALSE,Bigga Giggas - Spirit Voices Native American Flutes ,https://drive.google.com/file/d/1O-Q3-LDSsWiA9uS4wVo2RI6hrDG5AVWE/view?usp=drivesdk,9/22/2018,4/20/2020
FALSE,Canira - The essence of panflute,https://drive.google.com/file/d/1vGLAW6zcGu6FRMwjxneiLSblzYqwEB6q/view?usp=drivesdk,9/22/2018,4/20/2020
FALSE,Audio Genetics Lab - Native Flute (KONTAKT.NKI.WAV),https://drive.google.com/file/d/1pRSCIfLtg8Po6yvEMW4iuwMEjJqNWaz7/view?usp=drivesdk,9/22/2018,4/20/2020
FALSE,Big Fish Audio - Ambient Pop,https://drive.google.com/file/d/1D_0_nzCWPJPq2M4_ZI6pVEAB_an9RW6O/view?usp=drivesdk,9/22/2018,4/20/2020
FALSE,Spitfire Audio - Union Chapel Organ  [rutracker-5416224],https://drive.google.com/file/d/1obLkC5V7YDGO3prs45HNP5GUGgtD6kYr/view?usp=drivesdk,5/28/2018,4/20/2020
FALSE,Spitfire Audio - The Grange  [rutracker-5419775],https://drive.google.com/file/d/1ss3qycWajnwSGSO1PxPo7aj_I3k1urAA/view?usp=drivesdk,5/28/2018,4/20/2020
FALSE,Prosoundz - Roses ,https://drive.google.com/file/d/1PHc-BfLn4RMRCJ-mJR3715kTJan3GyTN/view?usp=drivesdk,3/25/2018,4/20/2020
FALSE,8Dio - Shepard Tones   (1),https://drive.google.com/file/d/1EVyay3hT_mDAaNLFXJW7tOkm9JUBSy4I/view?usp=drivesdk,3/25/2018,4/20/2020
FALSE,"8Dio - Steel String Guitar Bundle (iso, KONTAKT)",https://drive.google.com/file/d/1kxL9CaHZHSoyilqGTmkr_0qjvluO8th_/view?usp=drivesdk,3/25/2018,4/20/2020
FALSE,8Dio - 1990 Studio Grand Piano ,https://drive.google.com/file/d/1E6CYT2OZ4v48SbE1CSBBPKeE6_B8tNoo/view?usp=drivesdk,3/25/2018,4/20/2020
FALSE,8dio - Lacrimosa Epic Choir ,https://drive.google.com/file/d/16zVVbGwaGz9YWNfQt7CLHcNMFB3VQV4j/view?usp=drivesdk,3/25/2018,4/20/2020
FALSE,"8Dio - Songwriting Guitar Vol.2 (KONTAKT, NKI, NCW)",https://drive.google.com/file/d/1Map9jQp6x-htgaik6ARU-umq_LPEDzAg/view?usp=drivesdk,3/25/2018,4/20/2020
FALSE,8Dio - Free Angels ,https://drive.google.com/file/d/1l9WQvQWyjroW4z-P4FEG4ouQmZXyiHdb/view?usp=drivesdk,3/25/2018,4/20/2020
FALSE,8Dio - Music Box ,https://drive.google.com/file/d/1eFdYoCEBoyZObh60fnQL631l2j-kHbfL/view?usp=drivesdk,3/25/2018,4/20/2020
FALSE,"8Dio - Cajon and Bongo (WAV, KONTAKT)",https://drive.google.com/file/d/156Ge4Ni7XxzLg-w4HUALsYCplmstpcBJ/view?usp=drivesdk,3/25/2018,4/20/2020
FALSE,8Dio - EDM Trap ,https://drive.google.com/file/d/1mzODq2MY71dIhM2S8Q8r86hllI0pzx1B/view?usp=drivesdk,3/25/2018,4/20/2020
FALSE,"8Dio - Borosilicate Bells (KONTAKT, NKI, WAV)",https://drive.google.com/file/d/1tZXgKEItALntc0TcCqwfbLQLjO46Njqq/view?usp=drivesdk,3/25/2018,4/20/2020
FALSE,8Dio - Acoustic Grand Ensembles Vol. 2 ,https://drive.google.com/file/d/1vdOHrIEmIQ-1MMC33rJpcQedcAjBiTzc/view?usp=drivesdk,3/25/2018,4/20/2020
FALSE,8Dio - Bazantar ,https://drive.google.com/file/d/13OqC7QZE8gbzS_BBecAGMN-DuXRAEm7k/view?usp=drivesdk,3/25/2018,4/20/2020
FALSE,Heavyocity - DM-307 ,https://drive.google.com/file/d/11uV_eKZCGb-wKQ9rtdPgvqBnQQX9FWd1/view?usp=drivesdk,3/25/2018,4/20/2020
FALSE,Heavyocity - Scoring Guitars ,https://drive.google.com/file/d/1QEIVU7DYXXLZx6Bf82WQ63VDkknTmsRT/view?usp=drivesdk,3/25/2018,4/20/2020
FALSE,Heavyocity - Vocalise 2 ,https://drive.google.com/file/d/1wEOKsO25VWaqTqzaJVRX8rTSRlVH3Sby/view?usp=drivesdk,3/25/2018,4/20/2020
FALSE,Heavyocity - Damage ,https://drive.google.com/file/d/1tpLHInhrCK2xuL_4HLVk9AYevrHr06Cu/view?usp=drivesdk,3/25/2018,4/20/2020
FALSE,Heavyocity - Vocalise ,https://drive.google.com/file/d/1tbc9HhYddd9BnMAjT9QDe1cdCC1XNL4S/view?usp=drivesdk,3/25/2018,4/20/2020
FALSE,Heavyocity - NOVO Modern Strings ,https://drive.google.com/file/d/1WC1ElXefxuTyDSaRKTz9QKqIU9pSrWYr/view?usp=drivesdk,3/25/2018,4/20/2020
FALSE,Spitfire_Audio_Symphonic_Strings_V_1_0_2_KONTAKT,https://drive.google.com/file/d/1I3PWmDyatA0GpViA2MOGA-QmjdrUFvpu/view?usp=drivesdk,3/25/2018,4/20/2020
FALSE,Spitfire_Audio_Albion_IV_Uist_KONTAKT-,https://drive.google.com/file/d/1_EybjoPzAwMQsYgqZ8L8UnLPNfdZ908Q/view?usp=drivesdk,3/25/2018,4/20/2020
FALSE,Spitfire_HZ02_Hans_Zimmer_Los_Angeles_KONTAKT,https://drive.google.com/file/d/1-z8hMHG02b6rw_1s5K3zU2KHsCCWdZnc/view?usp=drivesdk,3/25/2018,4/20/2020
FALSE,Spitfire_Audio_Sacconi_Strings_Quartet_KONTAKT,https://drive.google.com/file/d/12rc0Lz5Yekl0a8AKY8s9ljDrftBmBtdH/view?usp=drivesdk,3/25/2018,4/20/2020
FALSE,Spitfire_Audio_David_Fanshawe_Earth_Encounters_1_KONTAKT,https://drive.google.com/file/d/1pvsITMvvrGAuKWQrTfrGl-nzz2Jbe0GQ/view?usp=drivesdk,3/25/2018,4/20/2020
FALSE,DJ_Shawdi_P_Legendary_Vol_2_KONTAKT,https://drive.google.com/file/d/1JC0GqGSE4JAxbtnMLHsWR1stjopjlY5R/view?usp=drivesdk,3/25/2018,4/20/2020
FALSE,Spitfire_Audio_Spitfire_Symphonic_Woodwinds_KONTAKT,https://drive.google.com/file/d/16FkW6S_9HMJWQ6ngAlIXbfLlTe9JMoL0/view?usp=drivesdk,3/25/2018,4/20/2020
FALSE,Heavyocity_Gravity_KONTAKT,https://drive.google.com/file/d/1MFQhr-hC4_FSqIXpN4anNCucwWQnVKtN/view?usp=drivesdk,3/25/2018,4/20/2020
FALSE,FunkSoul_Productions_Vintage_Horns_2_KONTAKT,https://drive.google.com/file/d/1dXSwtBBGVDRgIsuaEPRnwdqrHVYqQN1h/view?usp=drivesdk,3/25/2018,4/20/2020
FALSE,8DIO_Majestica_KONTAKT,https://drive.google.com/file/d/1BJeGkd5ffxS_onuQGKC1mAzr3K4wPVOm/view?usp=drivesdk,3/25/2018,4/20/2020
FALSE,Joey_Sturgis_Miles_McPherson_Drums_KONTAKT-,https://drive.google.com/file/d/1znCYlwen9o2pAB90hh5TNX8UsVqdp-i9/view?usp=drivesdk,3/25/2018,4/20/2020
FALSE,Sonokinetic_Accordion_KONTAKT_-,https://drive.google.com/file/d/1zOazGLDSezY9uFqAqRFPE5tPJJPF1uoE/view?usp=drivesdk,3/25/2018,4/20/2020
FALSE,Native_Instruments_Session_Guitarist_Electric_Sunburst_KONTAKT-,https://drive.google.com/file/d/1OMpJ-L09DwjtfhOew2I2UvU71CvOKbzb/view?usp=drivesdk,3/25/2018,4/20/2020
FALSE,Spitfire_Enigma_2_The_Rapture_KONTAKT,https://drive.google.com/file/d/1KWiVOWzQZ-SCMsKFHhO_ujXaAyhxx8e-/view?usp=drivesdk,3/25/2018,4/20/2020
FALSE,"Roundel Sounds - Vocal Smash Vol.1 (MIDI, WAV, SPiRE, KONTAKT)",https://drive.google.com/file/d/1_lhQwieYUaV9sowdVwzjftJfwhw7BMAb/view?usp=drivesdk,3/25/2018,4/20/2020
FALSE,Insusurro - Aggression ,https://drive.google.com/file/d/15NOeavNCi-T9GQa17ZhQc4TpKW1eOLK7/view?usp=drivesdk,3/25/2018,4/20/2020
FALSE,"GHST PRJKT - D RAKE The Future Of OVO (MIDI, WAV, SERUM, MASSiVE, MACHiNE, KONTAKT)",https://drive.google.com/file/d/1tv8nWyGLfXweyoZLA6q16rDveK2CGszG/view?usp=drivesdk,3/25/2018,4/20/2020
FALSE,SampleHero - 88 Solo Cello Horror SFX ,https://drive.google.com/file/d/1zTTUJSHbcDdEVww6a2s7EcFJPGklpoKt/view?usp=drivesdk,3/25/2018,4/20/2020
FALSE,SampleHero - EERIE 2 Chilling Drones & SFX ,https://drive.google.com/file/d/19OF56q1eJHPxsaAMl_6ANIywtlCVrpfq/view?usp=drivesdk,3/25/2018,4/20/2020
FALSE,Orange Tree Samples - Passion Flute ,https://drive.google.com/file/d/1OElq4Rpui0IdBX9bmJ6Cf2GMoe778EDg/view?usp=drivesdk,3/25/2018,4/20/2020
FALSE,Impact Soundworks Straight Ahead - Jazz Horns v2.0 ,https://drive.google.com/file/d/1IH0WsugD4gz67qnOD1FdvRjqczvT60Ak/view?usp=drivesdk,3/25/2018,4/20/2020
FALSE,Impact Soundworks - Mega Brass ,https://drive.google.com/file/d/1NG--YAOa3m9sdQ0R2J8Glx4q__un_B8z/view?usp=drivesdk,3/25/2018,4/20/2020
FALSE,Impact Soundworks - Django Gypsy Jazz Guitar ,https://drive.google.com/file/d/1ZecZu0jNMrATC-FnKHKyJfLx5k8_royn/view?usp=drivesdk,3/25/2018,4/20/2020
FALSE,Impact Soundworks - PEARL Concert Grand ,https://drive.google.com/file/d/120SnXpcvS4PmwhTCekKIRSaKDnZFddza/view?usp=drivesdk,3/25/2018,4/20/2020
FALSE,Impact Soundworks - Ventus Ethnic Winds Ocarinas ,https://drive.google.com/file/d/1gsWGtujDTF-Km_3Rh9XRVNMtHFMxmAvl/view?usp=drivesdk,3/25/2018,4/20/2020
FALSE,Impact Soundworks - Ventus Ethnic Winds Bansuri ,https://drive.google.com/file/d/1n5n-QZZ2sMgCl-gpMmgijPRxH3PMIrtI/view?usp=drivesdk,3/25/2018,4/20/2020
FALSE,Impact Soundworks - Shreddage 2 v3.21 ,https://drive.google.com/file/d/1W-FXj1MIgeWD397w7GYgD_1cmRB_l4Ty/view?usp=drivesdk,3/25/2018,4/20/2020
FALSE,Cinesamples_Kalimba_KONTAKT,https://drive.google.com/file/d/1SY6Ij5rlQF7OKb4pJh__EPDPp-PGm6jM/view?usp=drivesdk,3/25/2018,4/20/2020
FALSE,Orange_Tree_Samples_Evolution_Infinity_KONTAKT,https://drive.google.com/file/d/1j-tqCSo8bkDtGaxHrFjjv6HiymLKF8MB/view?usp=drivesdk,3/25/2018,4/20/2020
FALSE,In_Session_Audio_Riff_Generation_[KONTAKT],https://drive.google.com/file/d/1DHnfJeekbwzc9QRN0agOb6hGKFrHgKmK/view?usp=drivesdk,3/25/2018,4/20/2020
FALSE,8Dio_Hybrid_Tools_NEO_[KONTAKT],https://drive.google.com/file/d/1yWCxUw4atGVqqlYGdIqhsfZkxTQ0__Gc/view?usp=drivesdk,3/25/2018,4/20/2020
FALSE,BigWerks - Multi Melodies Kontakt Library ,https://drive.google.com/file/d/1qxCicufVt59-xXlzCLpSlj31jAhJVvbo/view?usp=drivesdk,3/25/2018,4/20/2020
FALSE,BigWerks - Rigel ,https://drive.google.com/file/d/1SHaAu9rAPKGbiaPb2XWaRPqAsnEcxhNR/view?usp=drivesdk,3/25/2018,4/20/2020
FALSE,BigWerks - Trap Influenced ,https://drive.google.com/file/d/1NrmmWaL1_QQZqL18qiNneJtpxVfYJmlq/view?usp=drivesdk,3/25/2018,4/20/2020
FALSE,BigWerks - Emphasis ,https://drive.google.com/file/d/18CVGC_GMiE9w-QbjWZAdUDjZEIaPFx6H/view?usp=drivesdk,3/25/2018,4/20/2020
FALSE,BigWerks - Soundscape Paradise ,https://drive.google.com/file/d/1qQGlMVkgpryr0K4mCsf__ZmUTvRqXVhu/view?usp=drivesdk,3/25/2018,4/20/2020
FALSE,StudiolinkedVST - Illuminati ,https://drive.google.com/file/d/1CGvPkN-QlNL_B3FnTQIkr3eUA0Yufbel/view?usp=drivesdk,3/25/2018,4/20/2020
FALSE,"StudioLinkedVST - Future Pop VSTi, AU, KONTAKT WIN.OSX x86 x64 [04.2016]",https://drive.google.com/file/d/1aJBRF3f90iPOobqruZWLIZW7w5EImNQy/view?usp=drivesdk,3/25/2018,4/20/2020
FALSE,"StudioLinked - OvO RnB 2 (KONTAKT, WAV, MIDI)",https://drive.google.com/file/d/1HCA-u3Nh9ldvWxQip2NFrOHPcWhCJZV_/view?usp=drivesdk,3/25/2018,4/20/2020
FALSE,StudioLinked - Swurve 3 WIN.OSX ,https://drive.google.com/file/d/1BHLHzIfUyw0iPZcUTFtWTTlgmzFrr_S-/view?usp=drivesdk,3/25/2018,4/20/2020
FALSE,SampleHero_EERIE_1_KONTAKT-,https://drive.google.com/file/d/1WaleHdRoNLHil-pSvlwIvbWaabcWbC2q/view?usp=drivesdk,3/21/2018,4/20/2020
FALSE,Native Instruments - Emotive Strings,https://drive.google.com/file/d/1cmoAaUbYyucEl-_YDDNNBAEjQnbLQxsg/view?usp=drivesdk,3/8/2018,4/20/2020
FALSE,Output_Analog_Brass_and_Winds_KONTAKT,https://drive.google.com/file/d/1vK21DI4gqWiDIH_KfdmS4mTKorFGfVAZ/view?usp=drivesdk,2/22/2018,4/20/2020
FALSE,StudioLinkedVST - OvO RnB 2 Workstation VSTi x86 x64,https://drive.google.com/file/d/1uUhrVB1C2ml94ClxrKSFfZmI7027_He2/view?usp=drivesdk,1/26/2018,4/20/2020
FALSE,"The Producers Choice - Night At The Drum Shop (KONTAKT, WAV)",https://drive.google.com/file/d/14Iw-RKuo0VNMWrfzpMyl7yvvBlLCQ6Xx/view?usp=drivesdk,12/20/2017,4/20/2020
FALSE,The Producers Choice - 808 Warfare ,https://drive.google.com/file/d/1lr9jbWb4CLx63TqlehjTr8KiOfWt3-dt/view?usp=drivesdk,12/20/2017,4/20/2020
FALSE,J-Music - Nuke Fallout ,https://drive.google.com/file/d/1OqoYMvWKI8AhGLtiE1tBti6wKP-FIauF/view?usp=drivesdk,12/20/2017,4/20/2020
FALSE,Embertone - Sensual Saxophone ,https://drive.google.com/file/d/1_swbiw2JU8CqOoh0-jrXlkDAbAVD8ESz/view?usp=drivesdk,12/20/2017,4/20/2020
FALSE,Embertone - The Charmer ,https://drive.google.com/file/d/1ZNqUVm3G1YnI7u3bKl8dCTRX0VwiOOL0/view?usp=drivesdk,12/20/2017,4/20/2020
FALSE,Studio Sounds - XO The Overdose Vol.1,https://drive.google.com/file/d/1VZ6gnye4wQhOsl18EZflCe6im72U1o-n/view?usp=drivesdk,12/20/2017,4/20/2020
FALSE,Realitone - Realivox Blue,https://drive.google.com/file/d/1vAvjZPbhRxYyCXQO-hA3k-DJpRh-usD2/view?usp=drivesdk,12/20/2017,4/20/2020
FALSE,Production Voices - Death Piano ,https://drive.google.com/file/d/1baeAnr_F1kX-ZYLs9G4aL2BSCGBjsNax/view?usp=drivesdk,12/8/2017,4/20/2020
FALSE,Soundiron - Voices Of Gaia ,https://drive.google.com/file/d/1kohRb9zKAmG1NZqtiPC_snYkBQzUq1R8/view?usp=drivesdk,12/8/2017,4/20/2020
FALSE,Soundiron - Emotional Piano Player Edition v.3.0 ,https://drive.google.com/file/d/1pCbZ9lfZ3_rBbvx5K-4LBckfmwqHfZdF/view?usp=drivesdk,12/8/2017,4/20/2020
FALSE,Native Instruments - Kinetic Toys,https://drive.google.com/file/d/1vjukvdST0czNYG5mpGdbvCCO4cdVC4dv/view?usp=drivesdk,12/3/2017,4/20/2020
FALSE,The Beat House Kits - 808 Madness ,https://drive.google.com/file/d/1czG620fRIbBMUfa4Fc4ZUNS95AvL2oa2/view?usp=drivesdk,12/3/2017,4/20/2020
FALSE,The Beat House Kits - Trap Sinatra ,https://drive.google.com/file/d/1oSJs1ZIPsGLgMlGP_fl9zX8qOuHV9IXp/view?usp=drivesdk,12/3/2017,4/20/2020
FALSE,"Samplephonics - Tortured Trap (WAV, ADV, FXP, KONTAKT, M5P, MXGRP, SXT, SFZ, EXS24, KONG)",https://drive.google.com/file/d/1pOwiOl95V5f5_JHKyk5lbYA9VFg1m8eH/view?usp=drivesdk,12/3/2017,4/20/2020
FALSE,ProjectSAM - Swing More!  7],https://drive.google.com/file/d/1P-b2FuRjrL8A7MwpEQWpq_8cRZK42Kpw/view?usp=drivesdk,12/3/2017,4/20/2020
FALSE,ProjectSam - Symphobia 3 Lumina v1.5 ,https://drive.google.com/file/d/15DC7Z985LdkkpuHpUGwNRkHNnOyIKwbO/view?usp=drivesdk,12/3/2017,4/20/2020
FALSE,ProjectSam - Orchestral Essentials 2 v1.2 ,https://drive.google.com/file/d/1P_331iTvGRF56wRjD6eEGdGLJcIiDX2R/view?usp=drivesdk,12/3/2017,4/20/2020
FALSE,Soniccouture - Hang Drum ,https://drive.google.com/file/d/1-smsuuEm5WiuhCYV3fUvM1srDtjY3Jre/view?usp=drivesdk,12/3/2017,4/20/2020
FALSE,Sample Logic - Gamelan ,https://drive.google.com/file/d/1V3iupSc7QxCSLx1yKCmwak5-vsJjU1_3/view?usp=drivesdk,12/3/2017,4/20/2020
FALSE,Best Service - Chris Hein Solo Violin ,https://drive.google.com/file/d/1iVdAqqUUpQlgaVJ5eFuvKI08ic-MlNpL/view?usp=drivesdk,12/3/2017,4/20/2020
FALSE,Best Service - Chris Hein Guitars ,https://drive.google.com/file/d/1kPvqCICnhWMfm8VLQGSEDTHe2Y5XEXCC/view?usp=drivesdk,12/3/2017,4/20/2020
FALSE,Vir2 Instruments - Electri6ity,https://drive.google.com/file/d/1a2a0fscDfd1t-UBruRb2rXC43v0fn7t_/view?usp=drivesdk,12/3/2017,4/20/2020
FALSE,Native Instruments - Session Strings Pro Maximum Contemporary Strings ,https://drive.google.com/file/d/13Kl4AZKYpTBSAX7ZMPZPxX3_SX9N5DPq/view?usp=drivesdk,12/3/2017,4/20/2020
FALSE,Big Fish Audio - SMACK Claps Snaps and Stomps ,https://drive.google.com/file/d/1M5KdWMfVGn2Qh984hRYGzb0bUESlKWRA/view?usp=drivesdk,12/3/2017,4/20/2020
FALSE,Big Fish Audio - Vintage Horns 2 ,https://drive.google.com/file/d/12JmDxHfuEYh-k1fBZTFX6Mf-zYhVhQXa/view?usp=drivesdk,12/3/2017,4/20/2020
FALSE,Big Fish Audio - Ambient White ,https://drive.google.com/file/d/1s_Xkq74LdvtKXNSmSLratQcVQc3ya9EN/view?usp=drivesdk,12/3/2017,4/20/2020
FALSE,"Big Fish Audio - Empire Trap Construction Kits (AIFF, REX2, WAV)",https://drive.google.com/file/d/1Dgq1-2X7El0KuoeTsw-GrmB3DTXgoUsO/view?usp=drivesdk,12/3/2017,4/20/2020
FALSE,Big Fish Audio - Vintage Strings   (1),https://drive.google.com/file/d/1HTmekZ7KmsVUaipsax1Stn-Jxp-yuu3b/view?usp=drivesdk,12/3/2017,4/20/2020
FALSE,Divergent_Audio_Group_Fameboy_KONTAKT,https://drive.google.com/file/d/1iA8cPUHZPaooRPevyaQnFAdwjGTTo445/view?usp=drivesdk,12/3/2017,4/20/2020
FALSE,Boxed_Ear_OSCar_KONTAKT,https://drive.google.com/file/d/1RRr-OfD6wUO6ljdbJ4LehsnKJSkSVeMR/view?usp=drivesdk,12/3/2017,4/20/2020
FALSE,Output_Analog_Strings_KONTAKT,https://drive.google.com/file/d/1UCyMLtr_f_koEqOzXz6HkChkReDgGwsU/view?usp=drivesdk,12/3/2017,4/20/2020
FALSE,Sample_Logic_Electro_City_KONTAKT,https://drive.google.com/file/d/1dJLm3Ul6qJU6snMHlJLWEXOcl65ZBIyy/view?usp=drivesdk,12/3/2017,4/20/2020
FALSE,Sample_Logic_Impakt_KONTAKT-,https://drive.google.com/file/d/1Qz8o_MVZKBy-PPOKQulIkWjwKp3O0n20/view?usp=drivesdk,12/3/2017,4/20/2020
FALSE,Aria_Sounds_Aurora_Choir_KONTAKT-,https://drive.google.com/file/d/14nHnvOHUkukc3EfXRAIjtiTdVrbIBqcE/view?usp=drivesdk,12/3/2017,4/20/2020
FALSE,,,,